-- phpMyAdmin SQL Dump
-- version 4.5.1
-- http://www.phpmyadmin.net
--
-- Host: 127.0.0.1
-- Generation Time: Nov 21, 2017 at 11:11 AM
-- Server version: 10.1.16-MariaDB
-- PHP Version: 5.6.24

SET SQL_MODE = "NO_AUTO_VALUE_ON_ZERO";
SET time_zone = "+00:00";


/*!40101 SET @OLD_CHARACTER_SET_CLIENT=@@CHARACTER_SET_CLIENT */;
/*!40101 SET @OLD_CHARACTER_SET_RESULTS=@@CHARACTER_SET_RESULTS */;
/*!40101 SET @OLD_COLLATION_CONNECTION=@@COLLATION_CONNECTION */;
/*!40101 SET NAMES utf8mb4 */;

--
-- Database: `marychiles_db`
--

-- --------------------------------------------------------

--
-- Table structure for table `account_tbl`
--

CREATE TABLE `account_tbl` (
  `account_number` varchar(20) NOT NULL,
  `account_password` varchar(50) NOT NULL,
  `account_type` varchar(20) NOT NULL,
  `account_registered` date NOT NULL,
  `account_status` varchar(10) NOT NULL
) ENGINE=InnoDB DEFAULT CHARSET=latin1;

--
-- Dumping data for table `account_tbl`
--

INSERT INTO `account_tbl` (`account_number`, `account_password`, `account_type`, `account_registered`, `account_status`) VALUES
('20140142412', '4b47a8901f266d351f94a86fa0eb2696', 'Regular', '2017-11-07', 'Active'),
('2015-02049', '81bcfa0e0120eb7a5e791d3ddb5a8aa8', 'Regular', '2017-09-20', 'Inactive'),
('2015-02050', '53b424a4063717a0c45b739268aa20ad', 'Regular', '2017-09-20', 'Active'),
('201501054', '9f16c1b3b3ae6141e8f4cc87fa64a57a', 'Regular', '2017-08-09', 'Active'),
('2016-03031', '5fe1608c189094771675080c9ed8214b', 'Regular', '2017-09-20', 'Active'),
('2016-05001', 'fea73787977bf398c23431dada8140b9', 'Regular', '2017-09-20', 'Active'),
('2016-05062', '1dc758baa7e5c16a7070562364090b45', 'Regular', '2017-09-20', 'Active'),
('201603031', '5fe1608c189094771675080c9ed8214b', 'Regular', '2017-08-09', 'Active'),
('201605028', '17a7973f8d5a937c567dec6e1102f10f', 'Regular', '2017-09-19', 'Active'),
('201605030', '130683ff41baf754d6309bfea974f992', 'Regular', '2017-09-19', 'Active'),
('201605044', '517317483e0bbbee680e055d099c365c', 'Regular', '2017-09-19', 'Active'),
('201605045', '4e7d05e82eae7486864bcf919bc13a84', 'Regular', '2017-09-19', 'Active'),
('2017-02051', '06e0c6ebeaadd18bd67dee0dbea12f9b', 'Regular', '2017-09-20', 'Active'),
('2017-02052', 'aba38663f7ca363e8f6f710ce87708dd', 'Regular', '2017-09-20', 'Active'),
('2017-02053', 'f093d9c74db6d37b99ee05570c5276b2', 'Regular', '2017-09-20', 'Active'),
('2017-02054', '4150b02d80c4fceeb14d03290cbb7036', 'Regular', '2017-09-20', 'Active'),
('2017-02057', '15ed8c313c525f8dac97f886e2115e3c', 'Regular', '2017-09-20', 'Active'),
('2017-02267', '19b81a0f2fa70df8e36b37b9460b4c05', 'Regular', '2017-09-20', 'Active'),
('2017-02269', '72cb0a3f5bf034c3fd1f17c674e60cb9', 'Regular', '2017-09-20', 'Active'),
('2017-05018', '602ca2854aa38e77e62bad0bbe7e1ec3', 'Regular', '2017-09-19', 'Active'),
('2017-05084', '6f0e1d3ccfb39991bcad41e2ae7b700e', 'Regular', '2017-09-20', 'Active'),
('2017-05088', 'cbe3898083db3c1703f0ebc0118629bb', 'Regular', '2017-09-19', 'Active'),
('2017-05102', '04c9b67a3016ad5792d2b3c00117a3ac', 'Regular', '2017-09-20', 'Active'),
('2017-05105', '56dec40f4c6b2187164b1a9f38a6d6cc', 'Regular', '2017-09-19', 'Active'),
('2017-05107', 'e0290698ce15b017b0c06ff229fb591d', 'Regular', '2017-09-19', 'Active'),
('2017-05109', 'c723c2db17d57433bad6aa9f85f329dc', 'Regular', '2017-09-20', 'Active'),
('2017-05111', '187f0d77a11aed22a6ec9380372ec08f', 'Regular', '2017-09-19', 'Active'),
('2017-05112', '49102a1c1c9979c08239aa45b53210bc', 'Regular', '2017-09-19', 'Active'),
('2017-05119', 'd23a23460f0eec527b034f5398cc8d69', 'Regular', '2017-09-19', 'Active'),
('2017-05121', 'e78adfb8ef17679a9e6f98926c1daebe', 'Regular', '2017-09-19', 'Active'),
('2017-05122', '78e900d448037850b9f90d6cb7820676', 'Regular', '2017-09-19', 'Active'),
('2017-05130', '82331635cd75b47e1c9edd1257f42554', 'Regular', '2017-09-19', 'Active'),
('2017-05131', '74091f65533aa1a97cf842d81f5ae21e', 'Regular', '2017-09-19', 'Active'),
('2017-05132', 'ad6fe06cef3864a4538143c77ebf6f28', 'Regular', '2017-09-19', 'Active'),
('2017-05136', '6e7f6b1e273b73473327eb4380112b06', 'Regular', '2017-09-20', 'Active'),
('2017-05142', 'cb363399e1d853f174fd74c8a23e5f11', 'Regular', '2017-08-09', 'Active'),
('201702200', 'bdb5bf8aab1e1f53d051d2f113e9ebf3', 'Regular', '2017-08-09', 'Active'),
('201705076', '52545be4b1f87dd964d72e60e110e9e8', 'Regular', '2017-09-19', 'Active'),
('201705080', 'c5d529cb6135a081a05d14e1116fa107', 'Regular', '2017-09-19', 'Active'),
('201705108', '191547671e14c814db99d3f816f0d4fe', 'Regular', '2017-09-19', 'Active'),
('201705124', 'dc7c7fc5ecc9ae4ec6573967c054e0ad', 'Regular', '2017-09-19', 'Active'),
('201705127', '45b62988948a7ec0fe3c9cb69ababe5f', 'Regular', '2017-09-19', 'Active'),
('MCC-ADMIN', 'c2ad98d94992c644f0ae790c1e5df9b3', 'Admin', '2017-07-30', 'Active');

-- --------------------------------------------------------

--
-- Table structure for table `acquisition_tbl`
--

CREATE TABLE `acquisition_tbl` (
  `accession_number` int(6) NOT NULL,
  `barcode_id` varchar(20) NOT NULL,
  `book_status` varchar(10) NOT NULL,
  `fund_source` varchar(15) NOT NULL,
  `date_acquired` date NOT NULL,
  `book_id` int(6) NOT NULL
) ENGINE=InnoDB DEFAULT CHARSET=latin1;

--
-- Dumping data for table `acquisition_tbl`
--

INSERT INTO `acquisition_tbl` (`accession_number`, `barcode_id`, `book_status`, `fund_source`, `date_acquired`, `book_id`) VALUES
(1, '01938065811476', 'Available', 'Purchased', '2017-07-30', 1),
(2, '01619357320629', 'Available', 'Purchased', '2017-07-30', 2),
(3, '01467736130671', 'Archived', 'Purchased', '2017-07-30', 2),
(4, '01333113440626', 'Available', 'Purchased', '2017-07-30', 2),
(5, '01959453450683', 'Available', 'Purchased', '2017-07-30', 2),
(6, '01952167460697', 'Borrowed', 'Purchased', '2017-07-30', 2),
(7, '01204550470681', 'Available', 'Purchased', '2017-07-30', 2),
(8, '01433674080623', 'Available', 'Purchased', '2017-07-30', 2),
(9, '01882837490484', 'Available', 'Purchased', '2017-07-30', 3),
(10, '02562415109897', 'Available', 'Purchased', '2017-07-30', 4),
(11, '02763614119899', 'Available', 'Purchased', '2017-07-30', 4),
(12, '02825549129887', 'Available', 'Purchased', '2017-07-30', 4),
(13, '02949223139854', 'Available', 'Purchased', '2017-07-30', 4),
(14, '02332489149835', 'Available', 'Purchased', '2017-07-30', 4),
(15, '025890131573', 'Available', '', '2017-09-12', 3),
(16, '028263161642', 'Available', '', '2017-09-12', 3),
(17, '022825551787', 'Available', '', '2017-09-12', 3),
(18, '026137721829', 'Available', '', '2017-09-12', 3),
(19, '02319235190536', 'Available', 'Purchased', '2017-07-30', 5),
(20, '02243048200553', 'Available', 'Purchased', '2017-07-30', 5),
(21, '02598451210566', 'Available', 'Purchased', '2017-07-30', 5),
(22, '02355560220558', 'Available', 'Purchased', '2017-07-30', 5),
(23, '02625842230521', 'Available', 'Purchased', '2017-07-30', 5),
(24, '02823891240579', 'Available', 'Purchased', '2017-07-30', 5),
(25, '02368721250546', 'Available', 'Purchased', '2017-07-30', 6),
(26, '02937607260513', 'Available', 'Purchased', '2017-07-30', 6),
(27, '02646026270547', 'Available', 'Purchased', '2017-07-30', 6),
(28, '02696469280593', 'Available', 'Purchased', '2017-07-30', 6),
(29, '02701810290550', 'Available', 'Purchased', '2017-07-30', 6),
(30, '02537450300560', 'Available', 'Purchased', '2017-07-30', 6),
(31, '02993065310543', 'Available', 'Purchased', '2017-07-30', 6),
(32, '02191506320684', 'Available', 'Purchased', '2017-07-30', 7),
(33, '02506746330642', 'Available', 'Purchased', '2017-07-30', 7),
(34, '02501715340654', 'Available', 'Purchased', '2017-07-30', 7),
(35, '02855863350626', 'Available', 'Purchased', '2017-07-30', 7),
(36, '02327438360654', 'Available', 'Purchased', '2017-07-30', 7),
(37, '02273408370680', 'Available', 'Purchased', '2017-07-30', 7),
(38, '02418434380686', 'Available', 'Purchased', '2017-07-30', 7),
(39, '02249660390645', 'Available', 'Purchased', '2017-07-30', 8),
(40, '02573519400674', 'Available', 'Purchased', '2017-07-30', 8),
(41, '02485722410633', 'Available', 'Purchased', '2017-07-30', 8),
(42, '02249287420637', 'Available', 'Purchased', '2017-07-30', 8),
(43, '02532467430611', 'Available', 'Purchased', '2017-07-30', 8),
(44, '02354023440692', 'Available', 'Purchased', '2017-07-30', 8),
(45, '02925079450687', 'Available', 'Purchased', '2017-07-30', 8),
(46, '02238076460685', 'Available', 'Purchased', '2017-07-30', 9),
(47, '02468150470635', 'Available', 'Purchased', '2017-07-30', 9),
(48, '02225078480623', 'Available', 'Purchased', '2017-07-30', 10),
(49, '02566005490654', 'Available', 'Purchased', '2017-07-30', 10),
(50, '02182857500624', 'Available', 'Purchased', '2017-07-30', 11),
(51, '02813188510666', 'Available', 'Purchased', '2017-07-30', 11),
(52, '02965782520642', 'Available', 'Purchased', '2017-07-30', 12),
(53, '02885084530690', 'Available', 'Purchased', '2017-07-30', 12),
(54, '02216406540650', 'Available', 'Purchased', '2017-07-30', 13),
(55, '02649088550661', 'Available', 'Purchased', '2017-07-30', 13),
(56, '02249450560077', 'Available', 'Purchased', '2017-07-30', 14),
(57, '02651445570059', 'Available', 'Purchased', '2017-07-30', 14),
(58, '02381387580097', 'Available', 'Purchased', '2017-07-30', 14),
(59, '02874604590585', 'Available', 'Purchased', '2017-07-30', 15),
(60, '02871580600587', 'Available', 'Purchased', '2017-07-30', 15),
(61, '02786774610565', 'Available', 'Purchased', '2017-07-30', 15),
(62, '02406483620553', 'Available', 'Purchased', '2017-07-30', 15),
(63, '02346398630513', 'Available', 'Purchased', '2017-07-30', 15),
(64, '02964010640470', 'Available', 'Purchased', '2017-07-30', 16),
(65, '02632332650422', 'Available', 'Purchased', '2017-07-30', 16),
(66, '02569910660480', 'Available', 'Purchased', '2017-07-30', 16),
(67, '02361422670474', 'Available', 'Purchased', '2017-07-30', 16),
(68, '02538093680471', 'Available', 'Purchased', '2017-07-30', 16),
(69, '02976157690421', 'Available', 'Purchased', '2017-07-30', 16),
(70, '02429580700459', 'Available', 'Purchased', '2017-07-30', 16),
(71, '02806136710534', 'Available', 'Purchased', '2017-07-30', 17),
(72, '02216589720534', 'Available', 'Purchased', '2017-07-30', 17),
(73, '02849740730564', 'Available', 'Purchased', '2017-07-30', 17),
(74, '02764441740583', 'Available', 'Purchased', '2017-07-30', 17),
(75, '02528305750555', 'Available', 'Purchased', '2017-07-30', 17),
(76, '02158960760575', 'Available', 'Purchased', '2017-07-30', 17),
(77, '02704755770527', 'Available', 'Purchased', '2017-07-30', 18),
(78, '02479923780584', 'Available', 'Purchased', '2017-07-30', 18),
(79, '02851634790521', 'Available', 'Purchased', '2017-07-30', 18),
(80, '02434319800543', 'Available', 'Purchased', '2017-07-30', 18),
(81, '02893234810518', 'Available', 'Purchased', '2017-07-30', 18),
(82, '02792865820561', 'Available', 'Purchased', '2017-07-30', 18),
(83, '02765328830455', 'Available', 'Purchased', '2017-07-30', 19),
(84, '02623936840465', 'Available', 'Purchased', '2017-07-30', 19),
(85, '02901717850435', 'Available', 'Purchased', '2017-07-30', 20),
(86, '02626625860468', 'Available', 'Purchased', '2017-07-30', 20),
(87, '02351120870192', 'Available', 'Purchased', '2017-07-30', 21),
(88, '02853757880162', 'Available', 'Purchased', '2017-07-30', 21),
(89, '02847431890550', 'Available', 'Purchased', '2017-07-30', 22),
(90, '02208750900542', 'Available', 'Purchased', '2017-07-30', 22),
(91, '02312982910551', 'Available', 'Purchased', '2017-07-30', 23),
(92, '02135744920576', 'Available', 'Purchased', '2017-07-30', 23),
(93, '02653035930382', 'Available', 'Purchased', '2017-07-30', 24),
(94, '02449873940147', 'Available', 'Donated', '2017-07-30', 25),
(95, '02221114950145', 'Available', 'Donated', '2017-07-30', 25),
(96, '02425900969977', 'Available', 'Donated', '2017-07-30', 26),
(97, '02177343970345', 'Available', 'Donated', '2017-07-30', 27),
(98, '02334337980253', 'Available', 'Donated', '2017-07-30', 28),
(99, '02576243990583', 'Available', 'Complementary', '2017-07-30', 29),
(100, '03497031000561', 'Available', 'Complementary', '2017-07-30', 30),
(101, '03723851010374', 'Available', 'Donated', '2017-07-30', 31),
(102, '03731101020594', 'Available', 'Donated', '2017-07-30', 32),
(103, '03604071030435', 'Available', 'Donated', '2017-07-30', 33),
(104, '03263281040640', 'Available', 'Purchased', '2017-07-30', 34),
(105, '03676291050691', 'Available', 'Purchased', '2017-07-30', 34),
(106, '03767751060669', 'Available', 'Purchased', '2017-07-30', 34),
(107, '03491791070622', 'Available', 'Purchased', '2017-07-30', 34),
(108, '03786351080633', 'Available', 'Purchased', '2017-07-30', 34),
(109, '03522701090671', 'Available', 'Purchased', '2017-07-30', 34),
(110, '03966841100665', 'Available', 'Purchased', '2017-07-30', 34),
(111, '03698311110658', 'Available', 'Purchased', '2017-07-30', 34),
(112, '03845001120574', 'Available', 'Purchased', '2017-07-30', 35),
(113, '03795521130516', 'Available', 'Purchased', '2017-07-30', 35),
(114, '03798811140592', 'Available', 'Purchased', '2017-07-30', 35),
(115, '03573681150537', 'Available', 'Purchased', '2017-07-30', 35),
(116, '03459621160521', 'Available', 'Purchased', '2017-07-30', 35),
(117, '03145491170577', 'Available', 'Purchased', '2017-07-30', 36),
(118, '03121141180582', 'Available', 'Purchased', '2017-07-30', 36),
(119, '03961751190567', 'Available', 'Purchased', '2017-07-30', 36),
(120, '03952981200579', 'Available', 'Purchased', '2017-07-30', 36),
(121, '03206681210530', 'Available', 'Purchased', '2017-07-30', 36),
(122, '03477051220479', 'Available', 'Purchased', '2017-07-30', 37),
(123, '03264181230451', 'Available', 'Purchased', '2017-07-30', 37),
(124, '03391861240497', 'Available', 'Purchased', '2017-07-30', 37),
(125, '03662761250454', 'Available', 'Purchased', '2017-07-30', 37),
(126, '03394611260497', 'Available', 'Purchased', '2017-07-30', 37),
(127, '03583931270645', 'Available', 'Purchased', '2017-07-30', 38),
(128, '03717571280440', 'Available', 'Purchased', '2017-07-30', 39),
(129, '03341391290390', 'Available', 'Purchased', '2017-07-30', 40),
(130, '03547901300430', 'Available', 'Purchased', '2017-07-30', 41),
(131, '03541381310538', 'Available', 'Purchased', '2017-07-30', 42),
(132, '03234761320436', 'Available', 'Purchased', '2017-07-31', 43),
(133, '03635301330726', 'Available', 'Purchased', '2017-07-31', 44),
(134, '03167561340725', 'Available', 'Purchased', '2017-07-31', 44),
(135, '03588141350720', 'Available', 'Purchased', '2017-07-31', 44),
(136, '03857161360753', 'Available', 'Purchased', '2017-07-31', 45),
(137, '03773541370710', 'Available', 'Purchased', '2017-07-31', 45),
(138, '03243521380796', 'Available', 'Purchased', '2017-07-31', 45),
(139, '03136731390444', 'Available', 'Purchased', '2017-07-31', 46),
(140, '03938791400442', 'Available', 'Purchased', '2017-07-31', 47),
(141, '03351401410541', 'Available', 'Purchased', '2017-07-31', 48),
(142, '03366021420573', 'Available', 'Purchased', '2017-07-31', 48),
(143, '03356121430374', 'Available', 'Purchased', '2017-07-31', 49),
(144, '03556651440319', 'Available', 'Donated', '2017-07-31', 50),
(145, '03603401450329', 'Available', 'Donated', '2017-07-31', 51),
(146, '03202741460590', 'Available', 'Donated', '2017-07-31', 52),
(147, '03674001479053', 'Available', 'Donated', '2017-07-31', 53),
(148, '03705101480399', 'Available', 'Donated', '2017-07-31', 54),
(149, '03343081490362', 'Available', 'Donated', '2017-07-31', 54),
(150, '03422891500088', 'Available', 'Donated', '2017-07-31', 55),
(151, '036654515124', 'Available', 'Donated', '2017-07-31', 56),
(152, '03854461520085', 'Available', 'Purchased', '2017-08-02', 57),
(153, '03567391530010', 'Available', 'Purchased', '2017-08-02', 57),
(154, '03821741540025', 'Available', 'Purchased', '2017-08-02', 58),
(155, '03995741550547', 'Available', 'Purchased', '2017-08-02', 59),
(156, '03179691560785', 'Available', 'Purchased', '2017-08-02', 60),
(157, '03874771570744', 'Available', 'Purchased', '2017-08-02', 60),
(158, '03222081580654', 'Available', 'Purchased', '2017-08-02', 61),
(159, '03743951590649', 'Available', 'Purchased', '2017-08-02', 61),
(160, '03682901600673', 'Available', 'Purchased', '2017-08-02', 61),
(161, '03542091610631', 'Available', 'Purchased', '2017-08-02', 62),
(162, '03726921620693', 'Available', 'Purchased', '2017-08-02', 62),
(163, '03331821630647', 'Available', 'Purchased', '2017-08-02', 62),
(164, '03943861640785', 'Available', 'Purchased', '2017-08-02', 63),
(165, '03523791650767', 'Available', 'Purchased', '2017-08-02', 63),
(166, '03781771660668', 'Available', 'Purchased', '2017-08-02', 64),
(167, '03484911670624', 'Available', 'Purchased', '2017-08-02', 64),
(168, '03673751680693', 'Available', 'Purchased', '2017-08-02', 64),
(169, '03774031690655', 'Available', 'Purchased', '2017-08-02', 64),
(170, '03977541700645', 'Available', 'Purchased', '2017-08-02', 65),
(171, '03242001710625', 'Available', 'Purchased', '2017-08-02', 65),
(172, '03207761720634', 'Available', 'Purchased', '2017-08-02', 65),
(173, '03393931730686', 'Available', 'Purchased', '2017-08-02', 65),
(174, '03943151740666', 'Available', 'Purchased', '2017-08-02', 65),
(175, '03638151750772', 'Available', 'Purchased', '2017-08-02', 66),
(176, '03675091760764', 'Available', 'Purchased', '2017-08-02', 66),
(177, '03192291770762', 'Available', 'Purchased', '2017-08-02', 66),
(178, '03438361780720', 'Available', 'Purchased', '2017-08-02', 67),
(179, '03917391790712', 'Available', 'Purchased', '2017-08-02', 67),
(180, '03727051800758', 'Available', 'Purchased', '2017-08-02', 67),
(181, '03818271810486', 'Available', 'Purchased', '2017-08-02', 68),
(182, '03877861820425', 'Available', 'Purchased', '2017-08-02', 69),
(183, '03228531830473', 'Available', 'Purchased', '2017-08-02', 69),
(184, '03739691840493', 'Available', 'Purchased', '2017-08-02', 70),
(185, '03455171850435', 'Available', 'Purchased', '2017-08-02', 70),
(186, '03482451860684', 'Available', 'Complementary', '2017-08-02', 71),
(187, '03418701870670', 'Available', 'Complementary', '2017-08-02', 72),
(188, '03156331880430', 'Available', 'Complementary', '2017-08-02', 73),
(189, '03358571890753', 'Available', 'Complementary', '2017-08-02', 74),
(190, '03429521900642', 'Available', 'Complementary', '2017-08-02', 75),
(191, '03323211910768', 'Available', 'Complementary', '2017-08-02', 76),
(192, '03815251920675', 'Available', 'Complementary', '2017-08-02', 77),
(193, '03664921930517', 'Available', 'Complementary', '2017-08-02', 78),
(194, '03765831940412', 'Available', 'Complementary', '2017-08-02', 79),
(195, '03959181950414', 'Available', 'Complementary', '2017-08-02', 80),
(196, '03282001960442', 'Available', 'Complementary', '2017-08-02', 80),
(197, '03731411970574', 'Available', 'Donated', '2017-08-02', 81),
(198, '03609911980652', 'Available', 'Donated', '2017-08-02', 82),
(199, '03314131990590', 'Available', 'Donated', '2017-08-02', 83),
(200, '03566442000614', 'Available', 'Donated', '2017-08-02', 84),
(201, '03151562010466', 'Available', 'Donated', '2017-08-02', 85),
(202, '03672772029914', 'Available', 'Donated', '2017-08-02', 86),
(203, '03393242039621', 'Available', 'Donated', '2017-08-02', 87),
(204, '03396152040485', 'Available', 'Donated', '2017-08-02', 88),
(205, '03484342050697', 'Available', 'Purchased', '2017-08-02', 89),
(206, '03649652060635', 'Available', 'Purchased', '2017-08-02', 89),
(207, '03867452070696', 'Available', 'Purchased', '2017-08-02', 89),
(208, '03713252080659', 'Available', 'Purchased', '2017-08-02', 89),
(209, '03534432090697', 'Available', 'Purchased', '2017-08-02', 89),
(210, '03753782100749', 'Available', 'Purchased', '2017-08-14', 90),
(211, '03219962110716', 'Available', 'Purchased', '2017-08-14', 90),
(212, '03751782120782', 'Available', 'Purchased', '2017-08-14', 90),
(213, '03245322130755', 'Available', 'Purchased', '2017-08-14', 90),
(214, '03935842140727', 'Available', 'Purchased', '2017-08-14', 90),
(215, '03703262150671', 'Available', 'Complementary', '2017-08-14', 91),
(216, '03617262160692', 'Available', 'Complementary', '2017-08-14', 92),
(217, '03553242170515', 'Available', 'Complementary', '2017-08-14', 93),
(218, '03845152180546', 'Available', 'Complementary', '2017-08-14', 94),
(219, '03552052190525', 'Available', 'Complementary', '2017-08-14', 95),
(220, '03867832200721', 'Available', 'Complementary', '2017-08-14', 96),
(221, '03162072210612', 'Available', 'Complementary', '2017-08-14', 97),
(222, '03704922220690', 'Available', 'Complementary', '2017-08-14', 98),
(223, '03823102230635', 'Available', 'Complementary', '2017-08-14', 99),
(224, '03457552240616', 'Available', 'Complementary', '2017-08-14', 100),
(225, '03596792250448', 'Available', 'Donated', '2017-08-14', 101),
(226, '03344222260249', 'Available', 'Donated', '2017-08-14', 102),
(227, '03635122279562', 'Available', 'Donated', '2017-08-14', 103),
(228, '03975472280492', 'Available', 'Purchased', '2017-08-14', 104),
(229, '03945402290439', 'Available', 'Purchased', '2017-08-14', 104),
(230, '03727182300443', 'Available', 'Purchased', '2017-08-14', 104),
(231, '03505132310412', 'Available', 'Purchased', '2017-08-14', 104),
(232, '03364842320437', 'Available', 'Purchased', '2017-08-14', 104),
(233, '03379952330412', 'Available', 'Purchased', '2017-08-14', 105),
(234, '03629412340440', 'Available', 'Purchased', '2017-08-14', 105),
(235, '03754472350484', 'Available', 'Purchased', '2017-08-14', 105),
(236, '03517632360458', 'Available', 'Purchased', '2017-08-14', 105),
(237, '03477912370492', 'Available', 'Purchased', '2017-08-14', 105),
(238, '03451452380483', 'Available', 'Purchased', '2017-08-14', 105),
(239, '03546012390777', 'Available', 'Complementary', '2017-08-28', 106),
(240, '03688402400719', 'Available', 'Complementary', '2017-08-28', 107),
(241, '03392732410718', 'Available', 'Complementary', '2017-08-28', 108),
(242, '03943082420781', 'Available', 'Complementary', '2017-08-28', 109),
(243, '03956492430743', 'Available', 'Purchased', '2017-08-28', 110),
(244, '03832082440373', 'Available', 'Purchased', '2017-08-28', 111),
(245, '03594822450381', 'Available', 'Purchased', '2017-08-28', 111),
(246, '03984712460343', 'Available', 'Purchased', '2017-08-28', 112),
(247, '03255292470369', 'Available', 'Purchased', '2017-08-28', 112),
(248, '03742572480785', 'Available', 'Complementary', '2017-08-28', 113),
(249, '03592312490744', 'Available', 'Complementary', '2017-08-28', 113),
(250, '03212552500622', 'Available', 'Complementary', '2017-08-28', 114),
(251, '03766032510322', 'Available', 'Purchased', '2017-08-28', 115),
(252, '03192912520366', 'Available', 'Purchased', '2017-08-28', 115),
(253, '03943502530368', 'Available', 'Purchased', '2017-08-28', 115),
(254, '03673792540438', 'Available', 'Purchased', '2017-08-28', 116),
(255, '03942782550430', 'Available', 'Purchased', '2017-08-28', 116),
(256, '03755672560427', 'Available', 'Purchased', '2017-08-28', 116),
(257, '03335252570876', 'Available', 'Purchased', '2017-08-28', 117),
(258, '03671622580831', 'Available', 'Purchased', '2017-08-28', 117),
(259, '03229732590814', 'Available', 'Purchased', '2017-08-28', 117),
(260, '03195222600880', 'Available', 'Purchased', '2017-08-28', 117),
(261, '03408062610846', 'Available', 'Purchased', '2017-08-28', 117),
(262, '03699652620899', 'Available', 'Purchased', '2017-08-28', 117),
(263, '03532322630898', 'Available', 'Purchased', '2017-08-28', 117),
(264, '03742152640829', 'Available', 'Purchased', '2017-08-28', 118),
(265, '03707882650849', 'Available', 'Purchased', '2017-08-28', 118),
(266, '03113432660813', 'Available', 'Purchased', '2017-08-28', 118),
(267, '03782212670819', 'Available', 'Purchased', '2017-08-28', 118),
(268, '03815632680855', 'Available', 'Purchased', '2017-08-28', 118),
(269, '03876962690870', 'Available', 'Purchased', '2017-08-28', 118),
(270, '03639982700852', 'Available', 'Purchased', '2017-08-28', 118),
(271, '03324412710883', 'Available', 'Purchased', '2017-08-28', 118),
(272, '03117192720818', 'Available', 'Purchased', '2017-08-28', 118),
(273, '03549352730889', 'Available', 'Purchased', '2017-08-28', 118),
(274, '03817112740624', 'Available', 'Purchased', '2017-08-28', 119),
(275, '03223272750665', 'Available', 'Purchased', '2017-08-28', 119),
(276, '03662682760611', 'Available', 'Purchased', '2017-08-28', 119),
(277, '03312962770862', 'Available', 'Purchased', '2017-08-28', 120),
(278, '03982922780610', 'Available', 'Purchased', '2017-08-28', 121),
(279, '03121172790690', 'Available', 'Purchased', '2017-08-28', 121),
(280, '03588182800676', 'Available', 'Purchased', '2017-08-28', 121),
(281, '03569352810821', 'Available', 'Purchased', '2017-08-28', 122),
(282, '03387002820843', 'Available', 'Purchased', '2017-08-28', 122),
(283, '03532422830850', 'Available', 'Purchased', '2017-08-28', 122),
(284, '03681362840810', 'Available', 'Purchased', '2017-08-28', 122),
(285, '03722432850888', 'Available', 'Purchased', '2017-08-28', 122),
(286, '03404452860874', 'Available', 'Purchased', '2017-08-28', 123),
(287, '03505592870883', 'Available', 'Purchased', '2017-08-28', 123),
(288, '03916852880890', 'Available', 'Purchased', '2017-08-28', 123),
(289, '03989982890816', 'Available', 'Purchased', '2017-08-28', 123),
(290, '03854312900861', 'Available', 'Purchased', '2017-08-28', 123),
(291, '03469442910821', 'Available', 'Purchased', '2017-08-28', 124),
(292, '03591592920840', 'Available', 'Purchased', '2017-08-28', 124),
(293, '03997582930852', 'Available', 'Purchased', '2017-08-28', 124),
(294, '03949632940897', 'Available', 'Purchased', '2017-08-28', 124),
(295, '03122512950871', 'Available', 'Purchased', '2017-08-28', 124),
(296, '03411762960773', 'Available', 'Purchased', '2017-08-28', 125),
(297, '03758672970710', 'Available', 'Purchased', '2017-08-28', 125),
(298, '03625082980747', 'Available', 'Purchased', '2017-08-28', 125),
(299, '03237192990723', 'Available', 'Purchased', '2017-08-28', 125),
(300, '03692973000768', 'Available', 'Purchased', '2017-08-28', 125),
(301, '03533143010642', 'Available', 'Purchased', '2017-08-28', 126),
(302, '03896763020646', 'Available', 'Purchased', '2017-08-28', 126),
(303, '03762623030662', 'Available', 'Purchased', '2017-08-28', 126),
(304, '03988823040647', 'Available', 'Purchased', '2017-08-28', 126),
(305, '03877473050643', 'Available', 'Purchased', '2017-08-28', 126),
(306, '03741613060637', 'Available', 'Purchased', '2017-08-28', 127),
(307, '03279173070669', 'Available', 'Purchased', '2017-08-28', 127),
(308, '03351903080615', 'Available', 'Purchased', '2017-08-28', 127),
(309, '03886863090665', 'Available', 'Purchased', '2017-08-28', 127),
(310, '03621813100684', 'Available', 'Purchased', '2017-08-28', 128),
(311, '03956793110619', 'Available', 'Purchased', '2017-08-28', 128),
(312, '03904393120690', 'Available', 'Purchased', '2017-08-28', 128),
(313, '03839483130674', 'Available', 'Purchased', '2017-08-28', 128),
(314, '03281433140669', 'Available', 'Purchased', '2017-08-28', 129),
(315, '03854323150694', 'Available', 'Purchased', '2017-08-28', 129),
(316, '03117173160614', 'Available', 'Purchased', '2017-08-28', 130),
(317, '03339513170656', 'Available', 'Purchased', '2017-08-28', 130),
(318, '03411823180680', 'Available', 'Purchased', '2017-08-28', 130),
(319, '03288293190627', 'Available', 'Purchased', '2017-08-28', 130),
(320, '03965083200611', 'Available', 'Purchased', '2017-08-28', 130),
(321, '03314403210675', 'Available', 'Purchased', '2017-08-28', 131),
(322, '03614763220682', 'Available', 'Purchased', '2017-08-28', 131),
(323, '03422583230618', 'Available', 'Purchased', '2017-08-28', 131),
(324, '03372793240572', 'Available', 'Purchased', '2017-08-28', 132),
(325, '03285343250524', 'Available', 'Purchased', '2017-08-28', 132),
(326, '03989833260559', 'Available', 'Purchased', '2017-08-28', 132),
(327, '03604893270634', 'Available', 'Purchased', '2017-08-28', 133),
(328, '03364263280688', 'Available', 'Purchased', '2017-08-28', 133),
(329, '03363093290795', 'Available', 'Purchased', '2017-08-28', 134),
(330, '03573443300298', 'Available', 'Purchased', '2017-08-28', 135),
(331, '03226383310951', 'Available', 'Complementary', '2017-08-28', 136),
(332, '03239373320997', 'Available', 'Complementary', '2017-08-28', 137),
(333, '03496143330225', 'Available', 'Purchased', '2017-08-28', 138),
(334, '03248063340212', 'Available', 'Purchased', '2017-08-28', 138),
(335, '03844473350698', 'Available', 'Purchased', '2017-08-28', 139),
(336, '03861263360673', 'Available', 'Purchased', '2017-08-28', 139),
(337, '03791923370660', 'Available', 'Purchased', '2017-08-28', 139),
(338, '03141773380681', 'Available', 'Purchased', '2017-08-28', 139),
(339, '03664463390638', 'Available', 'Purchased', '2017-08-28', 139),
(340, '03666063400911', 'Available', 'Donated', '2017-08-28', 140),
(341, '03125393410948', 'Available', 'Donated', '2017-08-28', 140),
(342, '03912973420951', 'Available', 'Donated', '2017-08-28', 140),
(343, '03374423430988', 'Available', 'Donated', '2017-08-28', 140),
(344, '03513283440987', 'Available', 'Donated', '2017-08-28', 140),
(345, '03305253450922', 'Available', 'Donated', '2017-08-28', 140),
(346, '03696853460831', 'Available', 'Complementary', '2017-08-28', 141),
(347, '03649423470742', 'Available', 'Purchased', '2017-08-28', 142),
(348, '03446363480733', 'Available', 'Purchased', '2017-08-28', 142),
(349, '03361293490780', 'Available', 'Purchased', '2017-08-28', 142),
(350, '03966743500762', 'Available', 'Purchased', '2017-08-28', 143),
(351, '03902733510770', 'Available', 'Purchased', '2017-08-28', 143),
(352, '03383743520766', 'Available', 'Purchased', '2017-08-28', 143),
(353, '03938693530989', 'Available', 'Purchased', '2017-08-28', 144),
(354, '03813183540981', 'Available', 'Purchased', '2017-08-28', 144),
(355, '03334803550970', 'Available', 'Purchased', '2017-08-28', 144),
(356, '03943773560992', 'Available', 'Purchased', '2017-08-28', 144),
(357, '03994523570931', 'Available', 'Purchased', '2017-08-28', 144),
(358, '03193203580974', 'Available', 'Purchased', '2017-08-28', 145),
(359, '03551513590981', 'Available', 'Purchased', '2017-08-28', 145),
(360, '03505903600982', 'Available', 'Purchased', '2017-08-28', 145),
(361, '03257103610964', 'Available', 'Purchased', '2017-08-28', 145),
(362, '03682203620927', 'Available', 'Purchased', '2017-08-28', 145),
(363, '03971833630342', 'Available', 'Purchased', '2017-08-28', 146),
(364, '03427123640359', 'Available', 'Purchased', '2017-08-28', 146),
(365, '03855803650396', 'Available', 'Purchased', '2017-08-28', 146),
(366, '03729953660367', 'Available', 'Purchased', '2017-08-28', 146),
(367, '03474243670858', 'Available', 'Purchased', '2017-08-28', 147),
(368, '03233383680893', 'Available', 'Purchased', '2017-08-28', 147),
(369, '03233683690885', 'Available', 'Purchased', '2017-08-28', 147),
(370, '03276293700856', 'Available', 'Purchased', '2017-08-28', 147),
(371, '03458113710882', 'Available', 'Purchased', '2017-08-28', 147),
(372, '03338783720746', 'Available', 'Purchased', '2017-08-28', 148),
(373, '03587543730732', 'Available', 'Purchased', '2017-08-28', 148),
(374, '03719593740718', 'Available', 'Purchased', '2017-08-28', 148),
(375, '03733693750922', 'Available', 'Purchased', '2017-08-28', 149),
(376, '03394333760830', 'Available', 'Purchased', '2017-08-28', 150),
(377, '03945233770831', 'Available', 'Purchased', '2017-09-10', 151),
(378, '03556023780884', 'Available', 'Purchased', '2017-09-10', 151),
(379, '03288993790822', 'Available', 'Purchased', '2017-09-10', 151),
(380, '03693933800852', 'Available', 'Purchased', '2017-09-10', 151),
(381, '03934443810862', 'Available', 'Purchased', '2017-09-10', 151),
(382, '03294763820425', 'Available', 'Purchased', '2017-09-10', 152),
(383, '03304753830753', 'Available', 'Purchased', '2017-09-10', 153),
(384, '03331403840765', 'Available', 'Purchased', '2017-09-10', 153),
(385, '03445203850710', 'Available', 'Purchased', '2017-09-10', 153),
(386, '03422623860775', 'Available', 'Purchased', '2017-09-10', 153),
(387, '03405993870718', 'Available', 'Purchased', '2017-09-10', 153),
(388, '03849543880272', 'Available', 'Purchased', '2017-09-10', 154),
(389, '03634823890257', 'Available', 'Purchased', '2017-09-10', 154),
(390, '03516413900249', 'Available', 'Purchased', '2017-09-10', 154),
(391, '03554433910255', 'Available', 'Purchased', '2017-09-10', 154),
(392, '03602053920279', 'Available', 'Purchased', '2017-09-10', 154),
(393, '03249443930899', 'Available', 'Purchased', '2017-09-10', 155),
(394, '03992143940875', 'Available', 'Purchased', '2017-09-10', 155),
(395, '03578813950878', 'Available', 'Purchased', '2017-09-10', 155),
(396, '03586043960821', 'Available', 'Purchased', '2017-09-10', 155),
(397, '03116603970824', 'Available', 'Purchased', '2017-09-10', 155),
(398, '03678583980894', 'Available', 'Purchased', '2017-09-10', 155),
(399, '03288303990827', 'Available', 'Purchased', '2017-09-10', 155),
(400, '03792214000996', 'Available', 'Purchased', '2017-09-10', 156),
(401, '03454444010980', 'Available', 'Purchased', '2017-09-10', 156),
(402, '03355204020958', 'Available', 'Purchased', '2017-09-10', 156),
(403, '03789734030964', 'Available', 'Purchased', '2017-09-10', 156),
(404, '03274144040976', 'Available', 'Purchased', '2017-09-10', 156),
(405, '03615214050959', 'Available', 'Purchased', '2017-09-10', 156),
(406, '03121424060995', 'Available', 'Purchased', '2017-09-10', 156),
(407, '03565294070984', 'Available', 'Purchased', '2017-09-10', 157),
(408, '03198504080973', 'Available', 'Purchased', '2017-09-10', 157),
(409, '03811914090935', 'Available', 'Purchased', '2017-09-10', 157),
(410, '03744804100947', 'Available', 'Purchased', '2017-09-10', 157),
(411, '03832024110996', 'Available', 'Purchased', '2017-09-10', 157),
(412, '03264284120944', 'Available', 'Purchased', '2017-09-10', 157),
(413, '03153974130864', 'Available', 'Complementary', '2017-09-10', 158),
(414, '03705684140896', 'Available', 'Purchased', '2017-09-10', 159),
(415, '03978494150677', 'Available', 'Purchased', '2017-09-10', 160),
(416, '03115694160862', 'Available', 'Purchased', '2017-09-10', 161),
(417, '03197104170820', 'Available', 'Purchased', '2017-09-10', 162),
(418, '03355494180651', 'Available', 'Purchased', '2017-09-10', 163),
(419, '03677254190793', 'Available', 'Purchased', '2017-09-10', 164),
(420, '03502504200950', 'Available', 'Purchased', '2017-09-10', 165),
(421, '03353074210993', 'Available', 'Purchased', '2017-09-10', 165),
(422, '03751184220632', 'Available', 'Purchased', '2017-09-10', 166),
(423, '03831244230685', 'Available', 'Purchased', '2017-09-10', 167),
(424, '03565034240783', 'Available', 'Purchased', '2017-09-10', 168),
(425, '03356504250837', 'Available', 'Purchased', '2017-09-10', 169),
(426, '03306724260766', 'Available', 'Purchased', '2017-09-10', 170),
(427, '03601214270646', 'Available', 'Complementary', '2017-09-10', 171),
(428, '03151754280458', 'Available', 'Donated', '2017-09-10', 172),
(429, '03322824299487', 'Available', 'Donated', '2017-09-10', 173),
(430, '03368854300875', 'Available', 'Purchased', '2017-09-10', 174),
(431, '03688314310870', 'Available', 'Purchased', '2017-09-10', 174),
(432, '03576154320836', 'Available', 'Purchased', '2017-09-10', 174),
(433, '03829424330817', 'Available', 'Purchased', '2017-09-10', 174),
(434, '03945654340834', 'Available', 'Purchased', '2017-09-10', 174),
(435, '03329964350933', 'Available', 'Purchased', '2017-09-10', 175),
(436, '03745824360943', 'Available', 'Purchased', '2017-09-10', 175),
(437, '03401104370913', 'Available', 'Purchased', '2017-09-10', 175),
(438, '03215864380974', 'Available', 'Purchased', '2017-09-10', 175),
(439, '03319424390968', 'Available', 'Purchased', '2017-09-10', 175),
(440, '03761064400859', 'Available', 'Purchased', '2017-09-11', 176),
(441, '03727424410863', 'Available', 'Purchased', '2017-09-11', 177),
(442, '03593554420844', 'Available', 'Purchased', '2017-09-11', 178),
(443, '03954154430832', 'Available', 'Purchased', '2017-09-11', 179),
(444, '03617014441035', 'Available', 'Purchased', '2017-09-11', 180),
(445, '03727464451058', 'Available', 'Purchased', '2017-09-11', 181),
(446, '03344544460789', 'Available', 'Purchased', '2017-09-11', 182),
(447, '03692054470741', 'Available', 'Purchased', '2017-09-11', 183),
(448, '03961104480923', 'Available', 'Purchased', '2017-09-11', 184),
(449, '038045144936', 'Available', '', '2017-09-12', 127),
(450, '033564145075', 'Available', '', '2017-09-12', 127),
(451, '03121034511021', 'Available', 'Purchased', '2017-09-11', 185),
(452, '03259984521088', 'Available', 'Purchased', '2017-09-11', 185),
(453, '03979544531077', 'Available', 'Purchased', '2017-09-11', 185),
(454, '03985494541077', 'Available', 'Purchased', '2017-09-11', 186),
(455, '03474424551058', 'Available', 'Purchased', '2017-09-11', 186),
(456, '03769244560685', 'Available', 'Purchased', '2017-09-11', 187),
(457, '03959694570661', 'Available', 'Purchased', '2017-09-11', 187),
(458, '03826184581013', 'Available', 'Purchased', '2017-09-11', 188),
(459, '03923534591034', 'Available', 'Purchased', '2017-09-11', 188),
(460, '03697914601011', 'Available', 'Purchased', '2017-09-11', 188),
(461, '03521774611067', 'Available', 'Purchased', '2017-09-11', 188),
(462, '03175954621074', 'Available', 'Purchased', '2017-09-11', 189),
(463, '03859194630388', 'Available', 'Purchased', '2017-09-11', 190),
(464, '03898304640813', 'Available', 'Purchased', '2017-09-11', 191),
(465, '03532914650833', 'Available', 'Purchased', '2017-09-11', 192),
(466, '03987654660925', 'Available', 'Purchased', '2017-09-11', 193),
(467, '03189704670761', 'Available', 'Purchased', '2017-09-11', 194),
(468, '03828784680932', 'Available', 'Purchased', '2017-09-11', 195),
(469, '03725754690983', 'Available', 'Purchased', '2017-09-11', 196),
(470, '03525834701116', 'Available', 'Purchased', '2017-09-11', 197),
(471, '03332864711168', 'Available', 'Purchased', '2017-09-11', 197),
(472, '03416634721199', 'Available', 'Purchased', '2017-09-11', 197),
(473, '03514704731131', 'Available', 'Purchased', '2017-09-11', 197),
(474, '03732544741197', 'Available', 'Purchased', '2017-09-11', 197),
(475, '03123164751044', 'Available', 'Purchased', '2017-09-11', 198),
(476, '03118234761079', 'Available', 'Purchased', '2017-09-11', 198),
(477, '03158384771038', 'Available', 'Purchased', '2017-09-11', 198),
(478, '03635494781015', 'Available', 'Purchased', '2017-09-11', 198),
(479, '03729114790990', 'Available', 'Purchased', '2017-09-11', 199),
(480, '03985604800979', 'Available', 'Purchased', '2017-09-11', 199),
(481, '03274754810999', 'Available', 'Purchased', '2017-09-11', 199),
(482, '03748074820984', 'Available', 'Purchased', '2017-09-11', 199),
(483, '03382664830997', 'Available', 'Purchased', '2017-09-11', 199),
(484, '03471224840969', 'Available', 'Purchased', '2017-09-11', 200),
(485, '03612964850976', 'Available', 'Purchased', '2017-09-11', 200),
(486, '03127554860993', 'Available', 'Purchased', '2017-09-11', 200),
(487, '03243934870741', 'Available', 'Purchased', '2017-09-11', 201),
(488, '03572764880710', 'Available', 'Purchased', '2017-09-11', 201),
(489, '03296434890757', 'Available', 'Purchased', '2017-09-11', 201),
(490, '03501404900734', 'Available', 'Purchased', '2017-09-11', 201),
(491, '03722734910761', 'Available', 'Purchased', '2017-09-11', 201),
(492, '03121464920747', 'Available', 'Purchased', '2017-09-11', 202),
(493, '03932874930730', 'Available', 'Purchased', '2017-09-11', 202),
(494, '03773844940754', 'Available', 'Purchased', '2017-09-11', 202),
(495, '03312184950734', 'Available', 'Purchased', '2017-09-11', 202),
(496, '03233404960863', 'Available', 'Purchased', '2017-09-11', 203),
(497, '03951904970865', 'Available', 'Purchased', '2017-09-11', 203),
(498, '03599194980877', 'Available', 'Purchased', '2017-09-11', 203),
(499, '03273144990829', 'Available', 'Purchased', '2017-09-11', 203),
(500, '03256785000810', 'Available', 'Purchased', '2017-09-11', 203),
(501, '03757005011017', 'Available', 'Purchased', '2017-09-11', 204),
(502, '03782855021074', 'Available', 'Purchased', '2017-09-11', 204),
(503, '03789615031073', 'Available', 'Purchased', '2017-09-11', 204),
(504, '03785415040932', 'Available', 'Purchased', '2017-09-11', 205),
(505, '03709445050932', 'Available', 'Purchased', '2017-09-11', 205),
(506, '03802515060916', 'Available', 'Purchased', '2017-09-11', 205),
(507, '03425635070968', 'Available', 'Purchased', '2017-09-11', 205),
(508, '03237015080920', 'Available', 'Purchased', '2017-09-11', 205),
(509, '03999095090861', 'Available', 'Donated', '2017-09-11', 206),
(510, '03178945100447', 'Available', 'Donated', '2017-09-11', 207),
(511, '03867765119890', 'Available', 'Purchased', '2017-09-11', 208),
(512, '03889835129811', 'Available', 'Purchased', '2017-09-11', 209),
(513, '03934345139834', 'Available', 'Purchased', '2017-09-11', 210),
(514, '03879605141026', 'Available', 'Purchased', '2017-09-12', 211),
(515, '03264805151335', 'Available', 'Purchased', '2017-09-12', 212),
(516, '03251295161262', 'Available', 'Purchased', '2017-09-12', 213),
(517, '03292835171260', 'Available', 'Purchased', '2017-09-12', 214),
(518, '03451115180869', 'Available', 'Purchased', '2017-09-12', 215),
(519, '03331355191188', 'Available', 'Purchased', '2017-09-12', 216),
(520, '03834925201388', 'Available', 'Purchased', '2017-09-12', 217),
(521, '03492025210764', 'Available', 'Purchased', '2017-09-12', 218),
(522, '03491635221065', 'Available', 'Purchased', '2017-09-12', 219),
(523, '03397625231221', 'Available', 'Purchased', '2017-09-12', 220),
(524, '03489215241195', 'Available', 'Purchased', '2017-09-12', 221),
(525, '03763065250965', 'Available', 'Purchased', '2017-09-12', 222),
(526, '03454085261175', 'Available', 'Donated', '2017-09-12', 223),
(527, '03424225271215', 'Available', 'Donated', '2017-09-12', 224),
(528, '03696725281288', 'Available', 'Donated', '2017-09-12', 224),
(529, '03666905290633', 'Available', 'Donated', '2017-09-12', 225),
(530, '03491095301447', 'Available', 'Donated', '2017-09-12', 226),
(531, '03785865311272', 'Available', 'Donated', '2017-09-12', 227),
(532, '03496795329555', 'Available', 'Donated', '2017-09-12', 228),
(533, '03412185331311', 'Available', 'Purchased', '2017-09-12', 229),
(534, '03455155341372', 'Available', 'Purchased', '2017-09-12', 229),
(535, '03445995351034', 'Available', 'Purchased', '2017-09-12', 230),
(536, '03493765360730', 'Available', 'Purchased', '2017-09-12', 231),
(537, '03259775370711', 'Available', 'Purchased', '2017-09-12', 232),
(538, '03917825381445', 'Available', 'Purchased', '2017-09-12', 233),
(539, '03132335391432', 'Available', 'Purchased', '2017-09-12', 233),
(540, '03438495401456', 'Available', 'Purchased', '2017-09-12', 233),
(541, '03992865411432', 'Available', 'Purchased', '2017-09-12', 234),
(542, '03747035421436', 'Available', 'Purchased', '2017-09-12', 234),
(543, '03293695431420', 'Available', 'Purchased', '2017-09-12', 234),
(544, '03832995441411', 'Available', 'Purchased', '2017-09-12', 235),
(545, '03213915451452', 'Available', 'Purchased', '2017-09-12', 235),
(546, '03491355461466', 'Available', 'Purchased', '2017-09-12', 235),
(547, '03943615471435', 'Available', 'Purchased', '2017-09-12', 236),
(548, '03149845481481', 'Available', 'Purchased', '2017-09-12', 236),
(549, '03472925491465', 'Available', 'Purchased', '2017-09-12', 236),
(550, '03218105501185', 'Available', 'Purchased', '2017-09-12', 237),
(551, '03471435511179', 'Available', 'Purchased', '2017-09-12', 237),
(552, '03714725521156', 'Available', 'Purchased', '2017-09-12', 237),
(553, '03749275531118', 'Available', 'Purchased', '2017-09-12', 237),
(554, '03552965541135', 'Available', 'Purchased', '2017-09-12', 237),
(555, '03506275550954', 'Available', 'Purchased', '2017-09-12', 238),
(556, '03987115560929', 'Available', 'Purchased', '2017-09-12', 238),
(557, '03982075570995', 'Available', 'Purchased', '2017-09-12', 238),
(558, '03359115580963', 'Available', 'Purchased', '2017-09-12', 238),
(559, '03758055590966', 'Available', 'Purchased', '2017-09-12', 238),
(560, '03365005600417', 'Available', 'Purchased', '2017-09-12', 239),
(561, '03629625610448', 'Available', 'Purchased', '2017-09-12', 239),
(562, '03409195620428', 'Available', 'Purchased', '2017-09-12', 239),
(563, '03442945631418', 'Available', 'Purchased', '2017-09-12', 240),
(564, '03157995641440', 'Available', 'Purchased', '2017-09-12', 241),
(565, '03473595651471', 'Available', 'Purchased', '2017-09-12', 241),
(566, '03603715661232', 'Available', 'Purchased', '2017-09-12', 242),
(567, '03868475671247', 'Available', 'Purchased', '2017-09-12', 242),
(568, '03502195680688', 'Available', 'Purchased', '2017-09-12', 243),
(569, '03149195691444', 'Available', 'Purchased', '2017-09-12', 244),
(570, '03594785701445', 'Available', 'Purchased', '2017-09-12', 244),
(571, '03631995711415', 'Available', 'Purchased', '2017-09-12', 244),
(572, '03986735721431', 'Available', 'Purchased', '2017-09-12', 244),
(573, '03448045731340', 'Available', 'Purchased', '2017-09-12', 245),
(574, '03244775741323', 'Available', 'Purchased', '2017-09-12', 245),
(575, '03181285751154', 'Available', 'Purchased', '2017-09-12', 246),
(576, '03293515761148', 'Available', 'Purchased', '2017-09-12', 247),
(577, '03908805771145', 'Available', 'Purchased', '2017-09-12', 248),
(578, '03851965781150', 'Available', 'Purchased', '2017-09-12', 248),
(579, '03353775791214', 'Available', 'Purchased', '2017-09-12', 249),
(580, '03449445801388', 'Available', 'Purchased', '2017-09-12', 250),
(581, '03398505811370', 'Available', 'Purchased', '2017-09-12', 250),
(582, '03322265820519', 'Available', 'Purchased', '2017-09-12', 251),
(583, '03189995830597', 'Available', 'Purchased', '2017-09-12', 251),
(584, '03504905841393', 'Available', 'Purchased', '2017-09-12', 252),
(585, '03716125850560', 'Available', 'Purchased', '2017-09-12', 253),
(586, '03148955860551', 'Available', 'Purchased', '2017-09-12', 253),
(587, '03793655870581', 'Available', 'Purchased', '2017-09-12', 253),
(588, '03143295880544', 'Available', 'Purchased', '2017-09-12', 253),
(589, '03796935899889', 'Available', 'Purchased', '2017-09-12', 254),
(590, '03251655909642', 'Available', 'Purchased', '2017-09-12', 255),
(591, '03179975919991', 'Available', 'Purchased', '2017-09-12', 256),
(592, '03453505929844', 'Available', 'Purchased', '2017-09-12', 257),
(593, '03461735939525', 'Available', 'Purchased', '2017-09-12', 258),
(594, '0385125594052', 'Available', 'Purchased', '2017-09-12', 259),
(595, '03145145959731', 'Available', 'Purchased', '2017-09-12', 260),
(596, '03582355969788', 'Available', 'Purchased', '2017-09-12', 261),
(597, '03759845979464', 'Available', 'Purchased', '2017-09-12', 262),
(598, '03187195989463', 'Available', 'Purchased', '2017-09-12', 263),
(599, '03951345990097', 'Available', 'Purchased', '2017-09-12', 264),
(600, '03128706000093', 'Available', 'Purchased', '2017-09-12', 265),
(601, '03531496019924', 'Available', 'Purchased', '2017-09-12', 266),
(602, '03238086029930', 'Available', 'Purchased', '2017-09-12', 267),
(603, '03839236039949', 'Available', 'Purchased', '2017-09-12', 268),
(604, '03716946040229', 'Available', 'Purchased', '2017-09-12', 269),
(605, '03127976058826', 'Available', 'Purchased', '2017-09-12', 270),
(606, '03213306069664', 'Available', 'Purchased', '2017-09-12', 271),
(607, '03221456079426', 'Available', 'Purchased', '2017-09-12', 272),
(608, '03989136080453', 'Available', 'Purchased', '2017-09-12', 273),
(609, '03211556090625', 'Available', 'Purchased', '2017-09-12', 274),
(610, '03986396100137', 'Available', 'Purchased', '2017-09-12', 275),
(611, '03415086119794', 'Available', 'Purchased', '2017-09-12', 276),
(612, '03697886129787', 'Available', 'Purchased', '2017-09-12', 277),
(613, '03827336139690', 'Available', 'Purchased', '2017-09-12', 278),
(614, '03811066140699', 'Available', 'Purchased', '2017-09-12', 279),
(615, '03404676150283', 'Available', 'Purchased', '2017-09-12', 280),
(616, '03546166160244', 'Available', 'Purchased', '2017-09-12', 281),
(617, '03759276179146', 'Available', 'Purchased', '2017-09-12', 282),
(618, '03845766189343', 'Available', 'Purchased', '2017-09-12', 283),
(619, '03596326199717', 'Available', 'Purchased', '2017-09-12', 284),
(620, '03306266201096', 'Available', 'Purchased', '2017-09-12', 285),
(621, '03916176211037', 'Available', 'Purchased', '2017-09-12', 286),
(622, '03112406221341', 'Available', 'Purchased', '2017-09-12', 287),
(623, '03144186231545', 'Available', 'Purchased', '2017-09-12', 288),
(624, '03145376241521', 'Available', 'Purchased', '2017-09-12', 288),
(625, '03299366251610', 'Available', 'Purchased', '2017-09-12', 289),
(626, '03358966261640', 'Available', 'Purchased', '2017-09-12', 289),
(627, '03195556271619', 'Available', 'Purchased', '2017-09-12', 289),
(628, '03528406281681', 'Available', 'Purchased', '2017-09-12', 289),
(629, '03496956291667', 'Available', 'Purchased', '2017-09-12', 289),
(630, '03786576301673', 'Available', 'Purchased', '2017-09-12', 289),
(631, '03526796311662', 'Available', 'Purchased', '2017-09-12', 289),
(632, '03448636321675', 'Available', 'Purchased', '2017-09-12', 289),
(633, '03456346331626', 'Available', 'Purchased', '2017-09-12', 289),
(634, '03775656341629', 'Available', 'Purchased', '2017-09-12', 289),
(635, '03525766351646', 'Available', 'Purchased', '2017-09-12', 289),
(636, '03775926361669', 'Available', 'Purchased', '2017-09-12', 289),
(637, '03642076371684', 'Available', 'Purchased', '2017-09-12', 289),
(638, '03486636381658', 'Available', 'Purchased', '2017-09-12', 289),
(639, '03254646391667', 'Available', 'Purchased', '2017-09-12', 289),
(640, '03259656401637', 'Available', 'Purchased', '2017-09-12', 290),
(641, '03237076411624', 'Available', 'Purchased', '2017-09-12', 291),
(642, '03836596421699', 'Available', 'Purchased', '2017-09-12', 292),
(643, '03374996431643', 'Available', 'Purchased', '2017-09-12', 293),
(644, '03645396441684', 'Available', 'Purchased', '2017-09-12', 294),
(645, '03968836451667', 'Available', 'Purchased', '2017-09-12', 294),
(646, '03924016461698', 'Available', 'Purchased', '2017-09-12', 294),
(647, '03957686471667', 'Available', 'Purchased', '2017-09-12', 294),
(648, '03524796481654', 'Available', 'Purchased', '2017-09-12', 294),
(649, '03144186491647', 'Available', 'Purchased', '2017-09-12', 294),
(650, '03573076501695', 'Available', 'Purchased', '2017-09-12', 294),
(651, '03889316511617', 'Available', 'Purchased', '2017-09-12', 294),
(652, '03924056521672', 'Available', 'Purchased', '2017-09-12', 294),
(653, '03878346531695', 'Available', 'Purchased', '2017-09-12', 294),
(654, '03817746541695', 'Available', 'Purchased', '2017-09-12', 294),
(655, '03495516551693', 'Available', 'Purchased', '2017-09-12', 294),
(656, '03351936561633', 'Available', 'Purchased', '2017-09-12', 294),
(657, '03832976571691', 'Available', 'Purchased', '2017-09-12', 294),
(658, '03861836581684', 'Available', 'Purchased', '2017-09-12', 294),
(659, '037032365936', 'Available', '', '2017-09-12', 291),
(660, '033143566044', 'Available', '', '2017-09-12', 291),
(661, '038978166197', 'Available', '', '2017-09-12', 291),
(662, '039483866291', 'Available', '', '2017-09-12', 291),
(663, '035444366395', 'Available', '', '2017-09-12', 291),
(664, '036580366412', 'Available', '', '2017-09-12', 291),
(665, '037544666549', 'Available', '', '2017-09-12', 291),
(666, '036013866628', 'Available', '', '2017-09-12', 291),
(667, '037281466767', 'Available', '', '2017-09-12', 291),
(668, '034639466849', 'Available', '', '2017-09-12', 291),
(669, '03918116691641', 'Available', 'Purchased', '2017-09-12', 295),
(670, '03556956701663', 'Available', 'Purchased', '2017-09-12', 295),
(671, '03148006711699', 'Available', 'Purchased', '2017-09-12', 295),
(672, '03172306721617', 'Available', 'Purchased', '2017-09-12', 295),
(673, '03121936731673', 'Available', 'Purchased', '2017-09-12', 295),
(674, '03792086741691', 'Available', 'Purchased', '2017-09-12', 295),
(675, '03455966751667', 'Available', 'Purchased', '2017-09-12', 295),
(676, '03346916761624', 'Available', 'Purchased', '2017-09-12', 295),
(677, '03966336771616', 'Available', 'Purchased', '2017-09-12', 295),
(678, '03162566781625', 'Available', 'Purchased', '2017-09-12', 295),
(679, '03865216791675', 'Available', 'Purchased', '2017-09-12', 295),
(680, '03111956801686', 'Available', 'Purchased', '2017-09-12', 295),
(681, '03293726811698', 'Available', 'Purchased', '2017-09-12', 295),
(682, '03364936821649', 'Available', 'Purchased', '2017-09-12', 295),
(683, '03846746831620', 'Available', 'Purchased', '2017-09-12', 295),
(684, '03748986841696', 'Available', 'Purchased', '2017-09-12', 296),
(685, '03136306851616', 'Available', 'Purchased', '2017-09-12', 296),
(686, '03605206861616', 'Available', 'Purchased', '2017-09-12', 296),
(687, '03578706871642', 'Available', 'Purchased', '2017-09-12', 296),
(688, '03223196881612', 'Available', 'Purchased', '2017-09-12', 296),
(689, '03717416891626', 'Available', 'Purchased', '2017-09-12', 296),
(690, '03927576901618', 'Available', 'Purchased', '2017-09-12', 296),
(691, '03752606911655', 'Available', 'Purchased', '2017-09-12', 296),
(692, '03874966921621', 'Available', 'Purchased', '2017-09-12', 296),
(693, '03709446931656', 'Available', 'Purchased', '2017-09-12', 296),
(694, '03837416941698', 'Available', 'Purchased', '2017-09-12', 297),
(695, '03554996951674', 'Available', 'Purchased', '2017-09-12', 297),
(696, '03675246961693', 'Available', 'Purchased', '2017-09-12', 297),
(697, '03771996971617', 'Available', 'Purchased', '2017-09-12', 297),
(698, '03831146981661', 'Available', 'Purchased', '2017-09-12', 297),
(699, '03561456991624', 'Available', 'Purchased', '2017-09-12', 297),
(700, '03471667001688', 'Available', 'Purchased', '2017-09-12', 297),
(701, '03584897011622', 'Available', 'Purchased', '2017-09-12', 297),
(702, '03416797021829', 'Available', 'Purchased', '2017-09-12', 298),
(703, '03184067031561', 'Available', 'Purchased', '2017-09-12', 299),
(704, '03958317041353', 'Available', 'Purchased', '2017-09-12', 300),
(705, '03716447051615', 'Available', 'Purchased', '2017-09-12', 301),
(706, '03529747061669', 'Available', 'Purchased', '2017-09-12', 301),
(707, '03183517071691', 'Available', 'Purchased', '2017-09-12', 301),
(708, '03993207081624', 'Available', 'Purchased', '2017-09-12', 301),
(709, '03877247091663', 'Available', 'Purchased', '2017-09-12', 301),
(710, '03937797101693', 'Available', 'Purchased', '2017-09-12', 301),
(711, '03554937111694', 'Available', 'Purchased', '2017-09-12', 301),
(712, '03871897121638', 'Available', 'Purchased', '2017-09-12', 301),
(713, '03593697131644', 'Available', 'Purchased', '2017-09-12', 301),
(714, '03941527141622', 'Available', 'Purchased', '2017-09-12', 301),
(715, '03262717151677', 'Available', 'Purchased', '2017-09-12', 301),
(716, '03148627161632', 'Available', 'Purchased', '2017-09-12', 301),
(717, '03935497171629', 'Available', 'Purchased', '2017-09-12', 301),
(718, '03234277181666', 'Available', 'Purchased', '2017-09-12', 301),
(719, '03337267191691', 'Available', 'Purchased', '2017-09-12', 301),
(720, '03979827201788', 'Available', 'Purchased', '2017-09-13', 302),
(721, '03533037211789', 'Available', 'Purchased', '2017-09-13', 302),
(722, '03658757221718', 'Available', 'Purchased', '2017-09-13', 302),
(723, '03269317231787', 'Available', 'Purchased', '2017-09-13', 302),
(724, '03785117241753', 'Available', 'Purchased', '2017-09-13', 302),
(725, '03189067251779', 'Available', 'Purchased', '2017-09-13', 302),
(726, '03137417261691', 'Available', 'Purchased', '2017-09-13', 303),
(727, '03616917271678', 'Available', 'Purchased', '2017-09-13', 303),
(728, '03169077281647', 'Available', 'Purchased', '2017-09-13', 303),
(729, '03448217291630', 'Available', 'Purchased', '2017-09-13', 303),
(730, '03543337301682', 'Available', 'Purchased', '2017-09-13', 303),
(731, '03621877311636', 'Available', 'Purchased', '2017-09-13', 303),
(732, '03391897321689', 'Available', 'Purchased', '2017-09-13', 303),
(733, '03737747331620', 'Available', 'Purchased', '2017-09-13', 303),
(734, '03516367341669', 'Available', 'Purchased', '2017-09-13', 303),
(735, '03181677351657', 'Available', 'Purchased', '2017-09-13', 303),
(736, '03187897361629', 'Available', 'Purchased', '2017-09-13', 303),
(737, '03617447371654', 'Available', 'Purchased', '2017-09-13', 303),
(738, '03711487381698', 'Available', 'Purchased', '2017-09-13', 303),
(739, '03392357391610', 'Available', 'Purchased', '2017-09-13', 303),
(740, '03241717401676', 'Available', 'Purchased', '2017-09-13', 303);
INSERT INTO `acquisition_tbl` (`accession_number`, `barcode_id`, `book_status`, `fund_source`, `date_acquired`, `book_id`) VALUES
(741, '03618177411659', 'Available', 'Purchased', '2017-09-13', 303),
(742, '03316287421620', 'Available', 'Purchased', '2017-09-13', 303),
(743, '03368327431692', 'Available', 'Purchased', '2017-09-13', 303),
(744, '03957217441654', 'Available', 'Purchased', '2017-09-13', 303),
(745, '03395737451693', 'Available', 'Purchased', '2017-09-13', 303),
(746, '03591557461673', 'Available', 'Purchased', '2017-09-13', 304),
(747, '03375617471675', 'Available', 'Purchased', '2017-09-13', 304),
(748, '03734977481616', 'Available', 'Purchased', '2017-09-13', 304),
(749, '03493467491699', 'Available', 'Purchased', '2017-09-13', 304),
(750, '03275327501670', 'Available', 'Purchased', '2017-09-13', 304),
(751, '03676057511691', 'Available', 'Purchased', '2017-09-13', 304),
(752, '03875567521659', 'Available', 'Purchased', '2017-09-13', 304),
(753, '03806147531647', 'Available', 'Purchased', '2017-09-13', 304),
(754, '03467817541677', 'Available', 'Purchased', '2017-09-13', 304),
(755, '03729137551679', 'Available', 'Purchased', '2017-09-13', 304),
(756, '03596627561661', 'Available', 'Purchased', '2017-09-13', 304),
(757, '03255597571686', 'Available', 'Purchased', '2017-09-13', 304),
(758, '03703447581656', 'Available', 'Purchased', '2017-09-13', 304),
(759, '03937567591642', 'Available', 'Purchased', '2017-09-13', 304),
(760, '03321737601695', 'Available', 'Purchased', '2017-09-13', 304),
(761, '03636397611643', 'Available', 'Purchased', '2017-09-13', 304),
(762, '03403577621657', 'Available', 'Purchased', '2017-09-13', 304),
(763, '03206837631618', 'Available', 'Purchased', '2017-09-13', 304),
(764, '03243117641641', 'Available', 'Purchased', '2017-09-13', 304),
(765, '03264477651697', 'Available', 'Purchased', '2017-09-13', 304),
(766, '03363557661632', 'Available', 'Purchased', '2017-09-13', 305),
(767, '03902787671648', 'Available', 'Purchased', '2017-09-13', 305),
(768, '03445017681672', 'Available', 'Purchased', '2017-09-13', 305),
(769, '03495027691681', 'Available', 'Purchased', '2017-09-13', 305),
(770, '03748337701611', 'Available', 'Purchased', '2017-09-13', 305),
(771, '03502867711679', 'Available', 'Purchased', '2017-09-13', 305),
(772, '03743617721695', 'Available', 'Purchased', '2017-09-13', 305),
(773, '03747737731620', 'Available', 'Purchased', '2017-09-13', 305),
(774, '03204637741683', 'Available', 'Purchased', '2017-09-13', 305),
(775, '03949937751612', 'Available', 'Purchased', '2017-09-13', 305),
(776, '03549107761624', 'Available', 'Purchased', '2017-09-13', 305),
(777, '03414377771617', 'Available', 'Purchased', '2017-09-13', 305),
(778, '03213777781658', 'Available', 'Purchased', '2017-09-13', 305),
(779, '03799697791647', 'Available', 'Purchased', '2017-09-13', 305),
(780, '03151447801643', 'Available', 'Purchased', '2017-09-13', 305),
(781, '03318107811627', 'Available', 'Purchased', '2017-09-13', 305),
(782, '03217557821689', 'Available', 'Purchased', '2017-09-13', 305),
(783, '03653047831681', 'Available', 'Purchased', '2017-09-13', 305),
(784, '03457487841624', 'Available', 'Purchased', '2017-09-13', 305),
(785, '03768517851647', 'Available', 'Purchased', '2017-09-13', 305),
(786, '03753407861660', 'Available', 'Purchased', '2017-09-13', 306),
(787, '03771327871675', 'Available', 'Purchased', '2017-09-13', 306),
(788, '03368407881698', 'Available', 'Purchased', '2017-09-13', 306),
(789, '03658317891621', 'Available', 'Purchased', '2017-09-13', 306),
(790, '03875747901656', 'Available', 'Purchased', '2017-09-13', 306),
(791, '03293317911677', 'Available', 'Purchased', '2017-09-13', 306),
(792, '03886587921685', 'Available', 'Purchased', '2017-09-13', 306),
(793, '03612497931642', 'Available', 'Purchased', '2017-09-13', 306),
(794, '03125427941641', 'Available', 'Purchased', '2017-09-13', 306),
(795, '03621127951666', 'Available', 'Purchased', '2017-09-13', 306),
(796, '03501787961658', 'Available', 'Purchased', '2017-09-13', 306),
(797, '03237527971637', 'Available', 'Purchased', '2017-09-13', 306),
(798, '03577397981645', 'Available', 'Purchased', '2017-09-13', 306),
(799, '03426207991618', 'Available', 'Purchased', '2017-09-13', 306),
(800, '03459038001648', 'Available', 'Purchased', '2017-09-13', 306),
(801, '03162788011690', 'Available', 'Purchased', '2017-09-13', 306),
(802, '03544588021663', 'Available', 'Purchased', '2017-09-13', 306),
(803, '03553318031662', 'Available', 'Purchased', '2017-09-13', 306),
(804, '03579478041641', 'Available', 'Purchased', '2017-09-13', 306),
(805, '03362798051696', 'Available', 'Purchased', '2017-09-13', 306),
(806, '03953368061677', 'Available', 'Purchased', '2017-09-13', 306),
(807, '03253898070933', 'Available', 'Purchased', '2017-09-13', 307),
(808, '03744658080972', 'Available', 'Purchased', '2017-09-13', 307),
(809, '03437648090989', 'Available', 'Purchased', '2017-09-13', 307),
(810, '03721348100978', 'Available', 'Purchased', '2017-09-13', 307),
(811, '03886978110928', 'Available', 'Purchased', '2017-09-13', 307),
(812, '03729098120992', 'Available', 'Purchased', '2017-09-13', 307),
(813, '03145578130932', 'Available', 'Purchased', '2017-09-13', 307),
(814, '03619538140974', 'Available', 'Purchased', '2017-09-13', 307),
(815, '03576948150633', 'Available', 'Purchased', '2017-09-13', 308),
(816, '03223668160617', 'Available', 'Purchased', '2017-09-13', 308),
(817, '03994468170669', 'Available', 'Purchased', '2017-09-13', 308),
(818, '03598708180619', 'Available', 'Purchased', '2017-09-13', 308),
(819, '03581398190666', 'Available', 'Purchased', '2017-09-13', 308),
(820, '03614808201413', 'Available', 'Purchased', '2017-09-13', 309),
(821, '03435208211412', 'Available', 'Purchased', '2017-09-13', 309),
(822, '03928188221498', 'Available', 'Purchased', '2017-09-13', 309),
(823, '03186108231420', 'Available', 'Purchased', '2017-09-13', 309),
(824, '03705638241437', 'Available', 'Purchased', '2017-09-13', 309),
(825, '03813098251451', 'Available', 'Purchased', '2017-09-13', 310),
(826, '03318328261497', 'Available', 'Purchased', '2017-09-13', 310),
(827, '03349798271423', 'Available', 'Purchased', '2017-09-13', 310),
(828, '03616498281446', 'Available', 'Purchased', '2017-09-13', 310),
(829, '03565938291418', 'Available', 'Purchased', '2017-09-13', 310),
(830, '03775798301440', 'Available', 'Purchased', '2017-09-13', 311),
(831, '03401518311468', 'Available', 'Purchased', '2017-09-13', 311),
(832, '03909828321499', 'Available', 'Purchased', '2017-09-13', 311),
(833, '03653618331490', 'Available', 'Purchased', '2017-09-13', 311),
(834, '03518778341497', 'Available', 'Purchased', '2017-09-13', 311),
(835, '03401208351787', 'Available', 'Purchased', '2017-09-13', 312),
(836, '03309718361768', 'Available', 'Purchased', '2017-09-13', 312),
(837, '03698068371710', 'Available', 'Purchased', '2017-09-13', 312),
(838, '03675768381741', 'Available', 'Purchased', '2017-09-13', 312),
(839, '03677388391797', 'Available', 'Purchased', '2017-09-13', 312),
(840, '03597208401733', 'Available', 'Purchased', '2017-09-13', 312),
(841, '03413368411785', 'Available', 'Purchased', '2017-09-13', 312),
(842, '03648098421719', 'Available', 'Purchased', '2017-09-13', 312),
(843, '03979928431648', 'Available', 'Purchased', '2017-09-13', 313),
(844, '03179338441628', 'Available', 'Purchased', '2017-09-13', 313),
(845, '03972148451635', 'Available', 'Purchased', '2017-09-13', 313),
(846, '03942838461630', 'Available', 'Purchased', '2017-09-13', 313),
(847, '03959668471643', 'Available', 'Purchased', '2017-09-13', 313),
(848, '03737008481613', 'Available', 'Purchased', '2017-09-13', 313),
(849, '03167268491677', 'Available', 'Purchased', '2017-09-13', 313),
(850, '03481458501687', 'Available', 'Purchased', '2017-09-13', 313),
(851, '03368988511657', 'Available', 'Purchased', '2017-09-13', 313),
(852, '03885998521641', 'Available', 'Purchased', '2017-09-13', 313),
(853, '03701288531696', 'Available', 'Purchased', '2017-09-13', 313),
(854, '03286688541632', 'Available', 'Purchased', '2017-09-13', 313),
(855, '03564778551659', 'Available', 'Purchased', '2017-09-13', 313),
(856, '03335258561689', 'Available', 'Purchased', '2017-09-13', 313),
(857, '03161688571682', 'Available', 'Purchased', '2017-09-13', 313),
(858, '03235628581675', 'Available', 'Purchased', '2017-09-13', 313),
(859, '03821428591665', 'Available', 'Purchased', '2017-09-13', 313),
(860, '03651118601699', 'Available', 'Purchased', '2017-09-13', 313),
(861, '03171578611611', 'Available', 'Purchased', '2017-09-13', 313),
(862, '03329268621665', 'Available', 'Purchased', '2017-09-13', 313),
(863, '03296398631644', 'Available', 'Purchased', '2017-09-13', 314),
(864, '03906458641671', 'Available', 'Purchased', '2017-09-13', 314),
(865, '03918868651629', 'Available', 'Purchased', '2017-09-13', 314),
(866, '03277458661663', 'Available', 'Purchased', '2017-09-13', 314),
(867, '03246698671616', 'Available', 'Purchased', '2017-09-13', 314),
(868, '03773578681618', 'Available', 'Purchased', '2017-09-13', 314),
(869, '03571318691644', 'Available', 'Purchased', '2017-09-13', 314),
(870, '03934718701683', 'Available', 'Purchased', '2017-09-13', 314),
(871, '03392268711654', 'Available', 'Purchased', '2017-09-13', 314),
(872, '03669328721689', 'Available', 'Purchased', '2017-09-13', 314),
(873, '03757938731672', 'Available', 'Purchased', '2017-09-13', 314),
(874, '03362738741632', 'Available', 'Purchased', '2017-09-13', 314),
(875, '03745418751650', 'Available', 'Purchased', '2017-09-13', 314),
(876, '03842578761652', 'Available', 'Purchased', '2017-09-13', 314),
(877, '03951378771678', 'Available', 'Purchased', '2017-09-13', 314),
(878, '03766258781684', 'Available', 'Purchased', '2017-09-13', 314),
(879, '03288928791679', 'Available', 'Purchased', '2017-09-13', 314),
(880, '03797878801654', 'Available', 'Purchased', '2017-09-13', 314),
(881, '03734038811622', 'Available', 'Purchased', '2017-09-13', 314),
(882, '03988938821655', 'Available', 'Purchased', '2017-09-13', 314),
(883, '03136908831793', 'Available', 'Purchased', '2017-09-13', 315),
(884, '03589298841749', 'Available', 'Purchased', '2017-09-13', 315),
(885, '03271408851792', 'Available', 'Purchased', '2017-09-13', 315),
(886, '03733078861717', 'Available', 'Purchased', '2017-09-13', 315),
(887, '03904508871710', 'Available', 'Purchased', '2017-09-13', 315),
(888, '03507078881777', 'Available', 'Purchased', '2017-09-13', 315),
(889, '03986898891764', 'Available', 'Purchased', '2017-09-13', 315),
(890, '03208148901784', 'Available', 'Purchased', '2017-09-13', 315),
(891, '03973018911669', 'Available', 'Purchased', '2017-09-13', 316),
(892, '03653698921692', 'Available', 'Purchased', '2017-09-13', 316),
(893, '03615598931664', 'Available', 'Purchased', '2017-09-13', 316),
(894, '03483198941678', 'Available', 'Purchased', '2017-09-13', 316),
(895, '03787188951630', 'Available', 'Purchased', '2017-09-13', 316),
(896, '03254798961613', 'Available', 'Purchased', '2017-09-13', 316),
(897, '03332198971629', 'Available', 'Purchased', '2017-09-13', 316),
(898, '03156108981633', 'Available', 'Purchased', '2017-09-13', 316),
(899, '03242058991635', 'Available', 'Purchased', '2017-09-13', 316),
(900, '03187909001689', 'Available', 'Purchased', '2017-09-13', 316),
(901, '03137609011667', 'Available', 'Purchased', '2017-09-13', 316),
(902, '03231959021692', 'Available', 'Purchased', '2017-09-13', 316),
(903, '03715479031632', 'Available', 'Purchased', '2017-09-13', 316),
(904, '03643839041680', 'Available', 'Purchased', '2017-09-13', 316),
(905, '03849139051692', 'Available', 'Purchased', '2017-09-13', 316),
(906, '03151849061666', 'Available', 'Purchased', '2017-09-13', 316),
(907, '03828949071620', 'Available', 'Purchased', '2017-09-13', 316),
(908, '03405729081644', 'Available', 'Purchased', '2017-09-13', 316),
(909, '03567819091625', 'Available', 'Purchased', '2017-09-13', 316),
(910, '03567259101618', 'Available', 'Purchased', '2017-09-13', 316),
(911, '03426579111625', 'Available', 'Purchased', '2017-09-13', 316),
(912, '03768319121692', 'Available', 'Purchased', '2017-09-13', 317),
(913, '03117829131659', 'Available', 'Purchased', '2017-09-13', 317),
(914, '03179259141695', 'Available', 'Purchased', '2017-09-13', 317),
(915, '03871509151681', 'Available', 'Purchased', '2017-09-13', 317),
(916, '03266599161622', 'Available', 'Purchased', '2017-09-13', 317),
(917, '03365549171627', 'Available', 'Purchased', '2017-09-13', 317),
(918, '03536559181628', 'Available', 'Purchased', '2017-09-13', 317),
(919, '03303769191663', 'Available', 'Purchased', '2017-09-13', 317),
(920, '03464109201660', 'Available', 'Purchased', '2017-09-13', 317),
(921, '03117059211695', 'Available', 'Purchased', '2017-09-13', 317),
(922, '03711109221656', 'Available', 'Purchased', '2017-09-13', 317),
(923, '03844429231613', 'Available', 'Purchased', '2017-09-13', 317),
(924, '03514559241683', 'Available', 'Purchased', '2017-09-13', 317),
(925, '03917269251631', 'Available', 'Purchased', '2017-09-13', 317),
(926, '03346239261688', 'Available', 'Purchased', '2017-09-13', 317),
(927, '03697619271664', 'Available', 'Purchased', '2017-09-13', 317),
(928, '03141959281634', 'Available', 'Purchased', '2017-09-13', 317),
(929, '03588989291654', 'Available', 'Purchased', '2017-09-13', 317),
(930, '03739049301655', 'Available', 'Purchased', '2017-09-13', 317),
(931, '03771059311686', 'Available', 'Purchased', '2017-09-13', 317),
(932, '03206239321765', 'Available', 'Purchased', '2017-09-13', 318),
(933, '03509839331734', 'Available', 'Purchased', '2017-09-13', 318),
(934, '03944099341781', 'Available', 'Purchased', '2017-09-13', 318),
(935, '03849019351733', 'Available', 'Purchased', '2017-09-13', 318),
(936, '03893459361755', 'Available', 'Purchased', '2017-09-13', 318),
(937, '03966049371785', 'Available', 'Purchased', '2017-09-13', 318),
(938, '03378359381781', 'Available', 'Purchased', '2017-09-13', 318),
(939, '03866569391785', 'Available', 'Purchased', '2017-09-13', 318),
(940, '03447269401753', 'Available', 'Purchased', '2017-09-13', 318),
(941, '03995019411795', 'Available', 'Purchased', '2017-09-13', 318),
(942, '03678929421799', 'Available', 'Purchased', '2017-09-13', 318),
(943, '03367279431735', 'Available', 'Purchased', '2017-09-13', 318),
(944, '03968669441743', 'Available', 'Purchased', '2017-09-13', 318),
(945, '03551359451760', 'Available', 'Purchased', '2017-09-13', 318),
(946, '03163119461762', 'Available', 'Purchased', '2017-09-13', 318),
(947, '03179279471782', 'Available', 'Purchased', '2017-09-13', 318),
(948, '03142459481754', 'Available', 'Purchased', '2017-09-13', 318),
(949, '03737289491781', 'Available', 'Purchased', '2017-09-13', 318),
(950, '03785969501713', 'Available', 'Purchased', '2017-09-13', 318),
(951, '03576579511746', 'Available', 'Purchased', '2017-09-13', 318),
(952, '03443409521770', 'Available', 'Purchased', '2017-09-13', 318),
(953, '03398649531643', 'Available', 'Purchased', '2017-09-13', 319),
(954, '03992049541632', 'Available', 'Purchased', '2017-09-13', 319),
(955, '03364179551686', 'Available', 'Purchased', '2017-09-13', 319),
(956, '03697449561688', 'Available', 'Purchased', '2017-09-13', 319),
(957, '03997639571661', 'Available', 'Purchased', '2017-09-13', 319),
(958, '03877219581676', 'Available', 'Purchased', '2017-09-13', 319),
(959, '03266799591651', 'Available', 'Purchased', '2017-09-13', 319),
(960, '03992609601685', 'Available', 'Purchased', '2017-09-13', 319),
(961, '03972489611681', 'Available', 'Purchased', '2017-09-13', 319),
(962, '03859499621680', 'Available', 'Purchased', '2017-09-13', 319),
(963, '03361779631650', 'Available', 'Purchased', '2017-09-13', 319),
(964, '03832239641625', 'Available', 'Purchased', '2017-09-13', 319),
(965, '03327789651653', 'Available', 'Purchased', '2017-09-13', 319),
(966, '03971529661696', 'Available', 'Purchased', '2017-09-13', 319),
(967, '03111829671614', 'Available', 'Purchased', '2017-09-13', 319),
(968, '03353539681633', 'Available', 'Purchased', '2017-09-13', 319),
(969, '03379939691695', 'Available', 'Purchased', '2017-09-13', 319),
(970, '03888679701652', 'Available', 'Purchased', '2017-09-13', 319),
(971, '03455319711665', 'Available', 'Purchased', '2017-09-13', 319),
(972, '03661539721657', 'Available', 'Purchased', '2017-09-13', 319),
(973, '03307259731679', 'Available', 'Purchased', '2017-09-13', 320),
(974, '03746169741659', 'Available', 'Purchased', '2017-09-13', 320),
(975, '03878759751688', 'Available', 'Purchased', '2017-09-13', 320),
(976, '03311839761684', 'Available', 'Purchased', '2017-09-13', 320),
(977, '03665589771650', 'Available', 'Purchased', '2017-09-13', 320),
(978, '03495819781668', 'Available', 'Purchased', '2017-09-13', 320),
(979, '03722829791618', 'Available', 'Purchased', '2017-09-13', 320),
(980, '03481019801656', 'Available', 'Purchased', '2017-09-13', 320),
(981, '03304159811646', 'Available', 'Purchased', '2017-09-13', 320),
(982, '03693909821616', 'Available', 'Purchased', '2017-09-13', 320),
(983, '03228219831697', 'Available', 'Purchased', '2017-09-13', 320),
(984, '03232899841620', 'Available', 'Purchased', '2017-09-13', 320),
(985, '03215599851624', 'Available', 'Purchased', '2017-09-13', 320),
(986, '03785519861627', 'Available', 'Purchased', '2017-09-13', 320),
(987, '03646649871696', 'Available', 'Purchased', '2017-09-13', 320),
(988, '03227159881666', 'Available', 'Purchased', '2017-09-13', 320),
(989, '03667789891643', 'Available', 'Purchased', '2017-09-13', 320),
(990, '03506999901630', 'Available', 'Purchased', '2017-09-13', 320),
(991, '03509819911669', 'Available', 'Purchased', '2017-09-13', 320),
(992, '03575019921634', 'Available', 'Purchased', '2017-09-13', 320),
(993, '03496689931392', 'Available', 'Purchased', '2017-09-13', 321),
(994, '03928039941391', 'Available', 'Purchased', '2017-09-13', 321),
(995, '03455169951344', 'Available', 'Purchased', '2017-09-13', 321);

-- --------------------------------------------------------

--
-- Table structure for table `archive_tbl`
--

CREATE TABLE `archive_tbl` (
  `accession_number` int(6) NOT NULL,
  `archive_reason` varchar(20) NOT NULL,
  `archive_remarks` varchar(100) NOT NULL,
  `archive_date` date NOT NULL,
  `account_number` varchar(20) NOT NULL
) ENGINE=InnoDB DEFAULT CHARSET=latin1;

--
-- Dumping data for table `archive_tbl`
--

INSERT INTO `archive_tbl` (`accession_number`, `archive_reason`, `archive_remarks`, `archive_date`, `account_number`) VALUES
(3, 'Damaged', ' ', '2017-10-13', 'MCC-ADMIN');

-- --------------------------------------------------------

--
-- Table structure for table `author_tbl`
--

CREATE TABLE `author_tbl` (
  `author_id` int(5) NOT NULL,
  `author_lname` varchar(100) NOT NULL,
  `author_fname` varchar(100) NOT NULL,
  `author_mi` char(1) NOT NULL,
  `author_registered` date NOT NULL,
  `author_delete` tinyint(1) NOT NULL
) ENGINE=InnoDB DEFAULT CHARSET=latin1;

--
-- Dumping data for table `author_tbl`
--

INSERT INTO `author_tbl` (`author_id`, `author_lname`, `author_fname`, `author_mi`, `author_registered`, `author_delete`) VALUES
(1, 'Gosselin', 'Don', '', '2017-07-30', 0),
(2, 'Kokoska', 'Diana', '', '2017-07-30', 0),
(3, 'Easterbrooks', 'Robert ', '', '2017-07-30', 0),
(4, 'Baraceros', 'Esther', 'T', '2017-07-30', 0),
(5, 'Mosteiro', 'Arnaldo', 'P', '2017-07-30', 0),
(6, 'Nave', 'Carl', 'R', '2017-07-30', 0),
(7, 'Giancoli', 'Douglas', 'C', '2017-07-30', 0),
(8, 'Tubo', 'Dennis', 'V', '2017-07-30', 0),
(9, ' ', 'EPH', '', '2017-07-30', 0),
(10, 'Calano', 'Roel', 'B', '2017-07-30', 0),
(11, 'Aquino', 'Francisca', 'R', '2017-07-30', 0),
(12, 'Dunphy', 'Maro', '', '2017-07-30', 0),
(13, 'Asperas', 'Carlito', 'M', '2017-07-30', 0),
(14, 'Agalabia', 'Urbano', 'F', '2017-07-30', 0),
(15, 'Nowak', 'Thomas', 'J', '2017-07-30', 0),
(16, 'Adams', 'Michael Patrick', '', '2017-07-30', 0),
(17, 'W', 'Lippincott', '', '2017-07-30', 0),
(18, 'Moyet', 'Carpenito', '', '2017-07-30', 0),
(19, 'White', 'Lois', '', '2017-07-30', 0),
(20, 'Bastable', 'Susan', 'B', '2017-07-30', 0),
(21, ' ', 'None', '', '2017-07-30', 0),
(22, 'Kalaw', 'Teodoro', 'M', '2017-07-30', 0),
(23, 'Hampton', 'John', 'R', '2017-07-30', 0),
(24, 'Khan', 'Gabriel', 'M', '2017-07-30', 0),
(25, 'Magreigad', 'Rogelio', 'B', '2017-07-30', 0),
(26, 'de Leon', 'Hector', 'S', '2017-07-30', 0),
(27, 'Veloso', 'Gerardo', 'T', '2017-07-30', 0),
(28, 'Lazero', 'Vina Christina', 'E', '2017-07-30', 0),
(29, 'Aguirre', 'Felisa', 'U', '2017-07-30', 0),
(30, 'Co', 'Madeleine', '', '2017-07-30', 0),
(31, 'Pilli Heri', 'Adele', '', '2017-07-31', 0),
(32, 'Smeltzer', 'Suzanve', 'C', '2017-07-31', 0),
(33, 'Natividad', 'Josefina', 'N', '2017-07-31', 0),
(34, 'Isaac', 'Cynthia', 'V', '2017-07-31', 0),
(35, 'Solomon', 'Eldra Pearl', '', '2017-07-31', 0),
(36, 'Kee', 'Joyce Lefever', '', '2017-07-31', 0),
(37, 'Nix', 'Stacy', '', '2017-07-31', 0),
(38, 'Williams', 'Sue Rodwell', '', '2017-07-31', 0),
(39, 'Bindler', 'Ruth', 'C', '2017-07-31', 0),
(40, 'Elkia', 'Martha Ksene', '', '2017-07-31', 0),
(41, 'Henke', 'Grace', '', '2017-07-31', 0),
(42, 'Hawker', 'Jeremy', '', '2017-08-02', 0),
(43, 'Bullock', 'Barbara', 'L', '2017-08-02', 0),
(44, 'Stuart', 'Gail', 'W', '2017-08-02', 0),
(45, 'Varuis', 'Carolyn', '', '2017-08-02', 0),
(46, 'Bautista', 'Joy', 'N', '2017-08-02', 0),
(47, 'Kuan', 'Dr. Letty', 'G', '2017-08-02', 0),
(48, 'Untalan', 'Cy', '', '2017-08-02', 0),
(49, 'De Belen', 'Rustico', 'T', '2017-08-02', 0),
(50, 'Karch', 'Amy', 'M', '2017-08-02', 0),
(51, 'Kozier', 'Barbara', '', '2017-08-02', 0),
(52, 'Gilliam', 'Stephen', '', '2017-08-02', 0),
(53, 'Ackley', 'Betty', '', '2017-08-02', 0),
(54, 'Grodner', 'Michael', '', '2017-08-02', 0),
(55, 'Porth', 'Carol', '', '2017-08-02', 0),
(56, 'Moyet', 'Lynka Juall', 'C', '2017-08-02', 0),
(57, 'Johnson', 'Joyce', 'Y', '2017-08-02', 0),
(58, 'Palit', 'Denise', 'F', '2017-08-02', 0),
(59, 'Roth', 'Ruth', 'A', '2017-08-02', 0),
(60, 'Saymo', 'Apolinaris', 'S', '2017-08-02', 0),
(61, 'Swansburg', 'Rusell', 'C', '2017-08-02', 0),
(62, 'Burton', 'Gwendolyn', '', '2017-08-02', 0),
(63, 'Reyes', 'Salvacion ', '', '2017-08-02', 0),
(64, 'Cuevas', 'Fances Prescilla', 'L', '2017-08-14', 0),
(65, 'Ong', 'Eduardo', 'G', '2017-08-14', 0),
(66, 'Bascara', 'Linda', 'R', '2017-08-14', 0),
(67, 'Muscari', 'Mary', 'E', '2017-08-14', 0),
(68, 'Hargrove', 'Roy', 'A', '2017-08-14', 0),
(69, 'Roussel', 'Linda', '', '2017-08-14', 0),
(70, 'Delmar', 'Thomson', '', '2017-08-14', 0),
(71, 'Rizzo', 'Ronald', 'C', '2017-08-14', 0),
(72, 'Delaune', 'Sue', 'C', '2017-08-14', 0),
(73, 'Pricker', 'Gloria', 'O', '2017-08-14', 0),
(74, 'Daniels', 'Rick', '', '2017-08-14', 0),
(75, 'Layman', 'Dale Pierre', '', '2017-08-14', 0),
(76, 'Maglaya', 'Araceli', 'S', '2017-08-14', 0),
(77, 'Ballena', 'Naressia', '', '2017-08-14', 0),
(78, 'Pagana', 'Kathleen', 'D', '2017-08-28', 0),
(79, 'Murray', 'Sharon', 'S', '2017-08-28', 0),
(80, 'Miller', 'Stephen', 'A', '2017-08-28', 0),
(81, 'Alcantara', 'Rebecca', 'D', '2017-08-28', 0),
(82, 'Villanueva', 'Perla', 'D', '2017-08-28', 0),
(83, 'Hockenberry', 'Marilyn', 'J', '2017-08-28', 0),
(84, 'Saba', 'Viginia', 'K', '2017-08-28', 0),
(85, 'Franser', 'Diane', 'M', '2017-08-28', 0),
(86, 'Loudermilk', 'Deitra Leonard', '', '2017-08-28', 0),
(87, 'Octaviano', 'Eufemia', 'F', '2017-08-28', 0),
(88, 'Barela', 'Elena', 'A', '2017-08-28', 0),
(89, 'de la Paz', 'Reynaldo', 'M', '2017-08-28', 0),
(90, 'Doenges', 'Marilyna', 'E', '2017-08-28', 0),
(91, 'Berman', 'Audrey', '', '2017-08-28', 0),
(92, 'Mulholland', 'Joyce', 'M', '2017-08-28', 0),
(93, 'Mariet', 'Elaine', 'N', '2017-08-28', 0),
(94, 'Joos', 'Irene', '', '2017-08-28', 0),
(95, 'Lowenstein', 'Arlene', 'J', '2017-08-28', 0),
(96, 'Vendon', 'Lydia', 'M', '2017-08-28', 0),
(97, 'Nucum', 'Zenaida', 'T', '2017-08-28', 0),
(98, 'Murray', 'Robert', 'K', '2017-08-28', 0),
(99, 'Bickley', 'Lynn', 'S', '2017-08-28', 0),
(100, 'Devlin', 'Thomas', 'M', '2017-08-28', 0),
(101, 'Porter', 'William', '', '2017-08-28', 0),
(102, 'Kimby', 'Barbara', 'K', '2017-08-28', 0),
(103, 'Berg', 'Jeremy', 'M', '2017-08-28', 0),
(104, 'Estes', 'Mary Ellen', 'Z', '2017-08-28', 0),
(105, 'Batch 2012', 'BSNI', '', '2017-08-28', 0),
(106, 'Clark', 'Carolyn', 'C', '2017-08-28', 0),
(107, 'Le Mone', 'Priscilla', '', '2017-08-28', 0),
(108, 'Udan', 'Josie', 'Q', '2017-08-28', 0),
(109, 'Untalan', 'Aaron', 'C', '2017-08-28', 0),
(110, 'Ang', 'Jaime', 'G', '2017-08-28', 0),
(111, 'Sullivan', 'Eleanor', 'J', '2017-08-28', 0),
(112, 'Potts', 'Nicki', 'L', '2017-08-28', 0),
(113, 'Allen', 'Convie', '', '2017-09-10', 0),
(114, 'Tortora', 'Gerard', 'J', '2017-09-10', 0),
(115, 'Sackheim', 'George', 'I', '2017-09-10', 0),
(116, 'Balita', 'Carl', 'E', '2017-09-10', 0),
(117, 'Salustiano', 'Rosalinda', 'P', '2017-09-10', 0),
(118, 'Kelly', 'Patricia', '', '2017-09-10', 0),
(119, 'Maville', 'Janice', 'A', '2017-09-10', 0),
(120, 'Achumacher', 'Lori', '', '2017-09-10', 0),
(121, 'Neighbors', 'Marianne', '', '2017-09-10', 0),
(122, 'Lynn', 'Pamela', '', '2017-09-10', 0),
(123, 'Henderson', 'James', 'W', '2017-09-10', 0),
(124, 'Karren', 'Keith', 'J', '2017-09-10', 0),
(125, 'Policarpio', 'Jonas', 'D', '2017-09-10', 0),
(126, 'Pender', 'Nola', 'J', '2017-09-10', 0),
(127, 'Timbreza', 'Florentino', '', '2017-09-10', 0),
(128, 'Gould', 'Barbara', 'E', '2017-09-10', 0),
(129, 'Ho', 'Howell', '', '2017-09-10', 0),
(130, 'Lardizabal', 'Amparo', 'S', '2017-09-10', 0),
(131, 'Kaplan', 'Harold', 'I', '2017-09-10', 0),
(132, 'Aguilar', 'Isidro', '', '2017-09-11', 0),
(133, 'Crisostomo', 'Amante', 'L', '2017-09-11', 0),
(134, 'Ellis', 'Janice', 'R', '2017-09-11', 0),
(135, 'Wilkins', 'Robert', 'L', '2017-09-11', 0),
(136, 'Chang', 'David', 'W', '2017-09-11', 0),
(137, 'Hogan', 'Mary Ann', '', '2017-09-11', 0),
(138, 'Allan', 'David', 'M', '2017-09-11', 0),
(139, 'Schultz', 'Fred', '', '2017-09-11', 0),
(140, 'Corbin', 'Charles', 'B', '2017-09-11', 0),
(141, 'Blonna', 'Richardo', '', '2017-09-11', 0),
(142, 'Crandell', 'Thomas', 'L', '2017-09-11', 0),
(143, 'Santrock', 'John', 'W', '2017-09-11', 0),
(144, 'Engelkirk', 'Paul', 'G', '2017-09-11', 0),
(145, 'Cuevas', 'Frances Prescilla', 'L', '2017-09-11', 0),
(146, 'David', 'Erlinda', 'S', '2017-09-11', 0),
(147, 'Quiambao', 'Raquel', 'D', '2017-09-11', 0),
(148, 'Maglaya', 'Araceli', 'S', '2017-09-11', 0),
(149, 'Whitaker', 'Kent', '', '2017-09-11', 0),
(150, 'Henderson', 'Dee', '', '2017-09-11', 0),
(151, 'Casal', 'Fr. Gabriel', 'S', '2017-09-11', 0),
(152, 'Arcilla', 'Jose', 'S', '2017-09-11', 0),
(153, 'Guerrero', 'Milagros', 'C', '2017-09-11', 0),
(154, 'Alvarez', 'Cid', 'V', '2017-09-12', 0),
(155, 'Buenaventura', 'Sergio', 'M', '2017-09-12', 0),
(156, 'Mortel', 'Menandro', 'M', '2017-09-12', 0),
(157, 'Halili', 'Maria Christine', 'N', '2017-09-12', 0),
(158, 'Maboloc', 'Christopher Ryan', 'B', '2017-09-12', 0),
(159, 'De Vera', 'Augusto', 'V', '2017-09-12', 0),
(160, 'Javines', 'Dr. Romeo', 'R', '2017-09-12', 0),
(161, 'Nem Singh', 'Rosario', 'P', '2017-09-12', 0),
(162, 'Shimamura', 'Yukihiro', '', '2017-09-12', 0),
(163, 'Yasu', 'Katsumi', '', '2017-09-12', 0),
(164, 'Canilang', 'Bernardo', 'B', '2017-09-12', 0),
(165, 'Sigeo', 'Masaroni', '', '2017-09-12', 0),
(166, 'Nakao', 'Seigo', '', '2017-09-12', 0),
(167, 'Fajardo', 'Bibiano', 'S', '2017-09-12', 0),
(168, 'Tiran', 'Denise', '', '2017-09-12', 0),
(169, 'Bauer', 'Brent', '', '2017-09-12', 0),
(170, 'Cumming', 'Allan', 'D', '2017-09-12', 0),
(171, 'Hinkle', 'Janice', 'L', '2017-09-12', 0),
(172, 'Sauco', 'Consolacion', 'P', '2017-09-12', 0),
(173, 'Hewitt', 'Paul', 'G', '2017-09-12', 0),
(174, 'Lial', 'Margaret', '', '2017-09-12', 0),
(175, 'Joesten', 'Melvin', '', '2017-09-12', 0),
(176, 'Zucker', 'Elana', '', '2017-09-12', 0),
(177, 'Starr', 'Cecie', '', '2017-09-12', 0),
(178, 'Johnsons', 'Robert', 'R', '2017-09-12', 0),
(179, 'Gabuyo', 'Yonardo', 'A', '2017-09-12', 0),
(180, 'Evangelista', 'Julian', 'L', '2017-09-12', 0),
(181, 'Tabotabo', 'Claudio', 'V', '2017-09-12', 0),
(182, 'Arrogante', 'Jose', 'A', '2017-09-12', 0),
(183, 'Arnilla', 'Arvin Kim', 'A', '2017-09-12', 0),
(184, 'Aufman', 'Richard', 'N', '2017-09-12', 0),
(185, 'Mahr', 'James', '', '2017-09-12', 0),
(186, 'Evans', 'Tim', '', '2017-09-12', 0),
(187, 'Horstmann', 'Cay', 'S', '2017-09-12', 0),
(188, 'Pitts', 'David', '', '2017-09-12', 0),
(189, 'Marsh', 'Kent', '', '2017-09-12', 0),
(190, 'Geary', 'David', 'M', '2017-09-12', 0),
(191, 'Gadecki', 'Cathy', '', '2017-09-12', 0),
(192, 'Black', 'Uyless', '', '2017-09-12', 0),
(193, 'Yourdon', 'Edward', '', '2017-09-12', 0),
(194, 'Shaughnessy', 'Tom', '', '2017-09-12', 0),
(195, 'Long', 'Cormac', 'S', '2017-09-12', 0),
(196, 'Lammle', 'Todd', '', '2017-09-12', 0),
(197, 'Tabini', 'Marco', '', '2017-09-12', 0),
(198, 'Fogel', 'Karl', '', '2017-09-12', 0),
(199, 'Bakore', 'Amit', '', '2017-09-12', 0),
(200, 'Stevens', 'Roger', 'T', '2017-09-12', 0),
(201, 'Washburn', 'Kevin', '', '2017-09-12', 0),
(202, 'Bryant', 'Richard', '', '2017-09-12', 0),
(203, 'Prince', 'Dennis', 'L', '2017-09-12', 0),
(204, 'Thomas', 'Dave', '', '2017-09-12', 0),
(205, 'Burnham', 'Carl', '', '2017-09-12', 0),
(206, 'Wesley', 'Addison', '', '2017-09-12', 0),
(207, 'Griffith', 'Arthur', '', '2017-09-12', 0),
(208, 'Evans', 'Robert', 'L', '2017-09-12', 0),
(209, 'Ballard', 'Phil', '', '2017-09-12', 0),
(210, 'Liberty', 'Jesse', '', '2017-09-12', 0),
(211, 'Hill', 'Brian', '', '2017-09-12', 0),
(212, 'Miller', 'Mark', 'A', '2017-09-12', 0),
(213, 'Rao', 'Valluru', 'B', '2017-09-12', 0),
(214, 'Miller', 'Philip', '', '2017-09-12', 0),
(215, 'Pilone', 'Dan', '', '2017-09-12', 0),
(216, 'Mako Hill', 'Benjamin', '', '2017-09-12', 0),
(217, 'Williams', 'Brian', 'K', '2017-09-12', 0),
(218, 'Andrews', 'Jean', '', '2017-09-12', 0),
(219, 'Taylan', 'Dolores', 'R', '2017-09-12', 0),
(220, 'Callo', 'Lualhati', 'F', '2017-09-12', 0),
(221, 'Santos', 'Ricardo', '', '2017-09-12', 0),
(222, 'Patio', 'Mary Jane', '', '2017-09-12', 0),
(223, 'Pelias', 'John Gabriel', 'P', '2017-09-12', 0),
(224, 'Oronce', 'Orlando', 'A', '2017-09-12', 0),
(225, 'Tiongson', 'Marella Therese', 'A', '2017-09-12', 0),
(226, 'Ilao', 'Luciana', 'V', '2017-09-12', 0),
(227, 'Petersen', 'James', 'F', '2017-09-12', 0),
(228, 'Billings', 'Evelyn', 'L', '2017-09-12', 0),
(229, 'Datuin', 'Flaudette May', '', '2017-09-12', 0),
(230, 'De Laza', 'Crizel', 'S', '2017-09-13', 0),
(231, 'Flores', 'Ramona', 'S', '2017-09-13', 0),
(232, 'Belecina', 'Rene', 'R', '2017-09-13', 0),
(233, 'De Young', 'Sandra', '', '2017-09-13', 0),
(234, 'Tabloski', 'Patricia', 'A', '2017-09-13', 0),
(235, 'Julian', 'Ailene', 'B', '2017-09-13', 0),
(236, 'Melegrito', 'Maria Lourdes', 'F', '2017-09-13', 0),
(237, 'Contreras', 'Antonio', 'P', '2017-09-13', 0),
(238, 'Ramos', 'Anna Cherylle', 'M', '2017-09-13', 0),
(239, 'Saqueton', 'Grace', 'M', '2017-09-13', 0),
(240, 'Aparato', 'Conrado', 'R', '2017-09-13', 0),
(241, 'Inc', 'Innovative Training Works', '', '2017-09-13', 0),
(242, 'Morato, Jr.', 'Dr. Eduardo', 'A', '2017-09-13', 0),
(243, 'Sana', 'Erlyn', 'A', '2017-09-13', 0),
(244, 'Gosselin', 'Don', '', '2017-10-15', 0);

-- --------------------------------------------------------

--
-- Table structure for table `book_author_tbl`
--

CREATE TABLE `book_author_tbl` (
  `book_id` int(6) NOT NULL,
  `author_id` int(5) NOT NULL
) ENGINE=InnoDB DEFAULT CHARSET=latin1;

--
-- Dumping data for table `book_author_tbl`
--

INSERT INTO `book_author_tbl` (`book_id`, `author_id`) VALUES
(1, 4),
(2, 5),
(3, 6),
(4, 7),
(5, 8),
(6, 9),
(7, 10),
(8, 10),
(9, 11),
(10, 11),
(11, 11),
(12, 11),
(13, 11),
(14, 12),
(15, 13),
(16, 14),
(17, 15),
(18, 16),
(19, 17),
(20, 18),
(21, 17),
(22, 17),
(23, 19),
(24, 20),
(25, 21),
(26, 21),
(27, 22),
(28, 21),
(29, 23),
(30, 24),
(31, 25),
(32, 26),
(33, 27),
(34, 28),
(35, 29),
(36, 30),
(37, 25),
(38, 21),
(39, 21),
(40, 21),
(41, 21),
(42, 21),
(43, 21),
(44, 31),
(45, 31),
(46, 32),
(47, 32),
(48, 33),
(49, 34),
(50, 35),
(51, 36),
(52, 37),
(53, 38),
(54, 39),
(55, 40),
(56, 41),
(57, 42),
(58, 43),
(59, 44),
(60, 46),
(61, 47),
(62, 48),
(63, 9),
(64, 49),
(65, 50),
(66, 31),
(67, 31),
(68, 51),
(69, 32),
(70, 32),
(71, 52),
(72, 53),
(73, 54),
(74, 55),
(75, 56),
(76, 57),
(77, 58),
(78, 59),
(79, 58),
(80, 15),
(81, 16),
(82, 10),
(83, 13),
(84, 10),
(85, 60),
(86, 61),
(87, 62),
(88, 62),
(89, 63),
(90, 64),
(91, 65),
(92, 66),
(93, 67),
(94, 68),
(95, 69),
(96, 59),
(97, 71),
(98, 72),
(99, 72),
(100, 71),
(101, 73),
(102, 74),
(103, 75),
(104, 76),
(105, 77),
(106, 49),
(107, 20),
(108, 78),
(109, 79),
(110, 80),
(111, 81),
(112, 82),
(113, 83),
(114, 84),
(115, 85),
(116, 86),
(117, 87),
(118, 88),
(119, 89),
(120, 32),
(121, 90),
(122, 91),
(123, 91),
(124, 91),
(125, 92),
(126, 90),
(127, 93),
(128, 93),
(129, 94),
(130, 95),
(131, 96),
(132, 97),
(133, 98),
(134, 99),
(135, 100),
(136, 101),
(137, 102),
(138, 103),
(139, 104),
(140, 105),
(141, 106),
(142, 107),
(143, 107),
(144, 108),
(145, 109),
(146, 20),
(147, 110),
(148, 74),
(149, 111),
(150, 112),
(151, 106),
(152, 113),
(153, 114),
(154, 115),
(155, 116),
(156, 117),
(157, 117),
(158, 118),
(159, 119),
(160, 120),
(161, 120),
(162, 122),
(163, 123),
(164, 124),
(165, 36),
(166, 125),
(167, 126),
(168, 127),
(169, 50),
(170, 128),
(171, 129),
(172, 130),
(173, 131),
(174, 20),
(175, 117),
(176, 132),
(177, 132),
(178, 132),
(179, 132),
(180, 133),
(181, 133),
(182, 134),
(183, 134),
(184, 93),
(185, 93),
(186, 135),
(187, 136),
(188, 96),
(189, 50),
(190, 137),
(191, 138),
(192, 139),
(193, 140),
(194, 141),
(195, 142),
(196, 143),
(197, 144),
(198, 96),
(199, 108),
(200, 108),
(201, 145),
(202, 146),
(203, 87),
(204, 147),
(205, 148),
(206, 149),
(207, 150),
(208, 151),
(209, 152),
(210, 153),
(211, 25),
(212, 25),
(213, 25),
(214, 25),
(215, 25),
(216, 154),
(217, 155),
(218, 156),
(219, 157),
(220, 158),
(221, 159),
(222, 160),
(223, 161),
(224, 162),
(225, 163),
(226, 163),
(227, 165),
(228, 165),
(229, 167),
(230, 168),
(231, 168),
(232, 170),
(233, 91),
(234, 171),
(235, 171),
(236, 171),
(237, 117),
(238, 108),
(239, 172),
(240, 173),
(241, 174),
(242, 174),
(243, 176),
(244, 177),
(245, 178),
(246, 179),
(247, 180),
(248, 181),
(249, 182),
(250, 183),
(251, 4),
(252, 183),
(253, 97),
(254, 185),
(255, 186),
(256, 187),
(257, 188),
(258, 189),
(259, 187),
(260, 190),
(261, 191),
(262, 192),
(263, 193),
(264, 194),
(265, 195),
(266, 196),
(267, 197),
(268, 198),
(269, 199),
(270, 200),
(271, 201),
(272, 202),
(273, 203),
(274, 203),
(275, 205),
(276, 206),
(277, 207),
(278, 208),
(279, 209),
(280, 210),
(281, 211),
(282, 212),
(283, 213),
(284, 214),
(285, 215),
(286, 216),
(287, 216),
(288, 218),
(289, 219),
(290, 220),
(291, 221),
(292, 222),
(293, 223),
(294, 224),
(295, 225),
(296, 226),
(297, 227),
(298, 228),
(299, 228),
(300, 228),
(301, 229),
(302, 226),
(303, 4),
(304, 230),
(305, 231),
(306, 232),
(307, 233),
(308, 234),
(309, 31),
(310, 31),
(311, 31),
(312, 235),
(313, 236),
(314, 237),
(315, 238),
(316, 239),
(317, 240),
(318, 222),
(319, 241),
(320, 242),
(321, 243);

-- --------------------------------------------------------

--
-- Table structure for table `book_tbl`
--

CREATE TABLE `book_tbl` (
  `book_id` int(6) NOT NULL,
  `call_number` varchar(50) NOT NULL,
  `book_title` varchar(100) NOT NULL,
  `copyright_year` year(4) NOT NULL,
  `edition` varchar(15) NOT NULL,
  `volume` int(3) NOT NULL,
  `isbn` varchar(20) NOT NULL,
  `pages` int(5) NOT NULL,
  `book_price` decimal(6,2) NOT NULL,
  `book_image` varchar(100) NOT NULL,
  `category_id` int(5) NOT NULL,
  `publisher_id` int(11) NOT NULL
) ENGINE=InnoDB DEFAULT CHARSET=latin1;

--
-- Dumping data for table `book_tbl`
--

INSERT INTO `book_tbl` (`book_id`, `call_number`, `book_title`, `copyright_year`, `edition`, `volume`, `isbn`, `pages`, `book_price`, `book_image`, `category_id`, `publisher_id`) VALUES
(1, 'ENG 100.1 2000', 'Communication Skills II', 2000, '', 0, '978-981-4352-34-5', 133, '0.00', '', 1, 2),
(2, 'STS 102.2 2006', 'Science, Technology and Society', 2006, '', 0, '77FGD3-SD2331-33D3Y', 261, '0.00', '', 2, 3),
(3, 'PHS 203.23', 'Physics for the Health Sciences 3', 2004, '', 0, '3312-33213-56844', 421, '0.00', '', 2, 4),
(4, 'PHS 203.24', 'Physics', 1998, '5', 0, '33341D-G441391-45599', 1096, '0.00', '', 2, 5),
(5, 'EPA 102.3', 'Existential - Phenomenological Approach', 2005, '', 0, '883203-314DEE-312344', 191, '0.00', '', 5, 6),
(6, 'HEH 103.3', 'Health Economics in the Philippine Setting', 2005, '', 0, '23D84-4234-2DAS31-1', 270, '0.00', '', 3, 3),
(7, 'CHEM 312.3', 'Chemistry for the Health Prefession', 2006, '', 0, '4567890-FER234-65TGD', 353, '0.00', '', 7, 3),
(8, 'STP 203.3', 'Statistics for the Health Profession', 2006, '', 0, '594132DS-DE3134-3145', 249, '0.00', '', 7, 3),
(9, 'PHIL 203.23', 'Philippine Folk Dances', 2006, '', 1, '9663-31413124-DA1314', 121, '0.00', '', 2, 3),
(10, 'PHIL 203.24', 'Philippine Folk Dances', 2006, '', 2, '7654-312345-63452343', 138, '0.00', '', 2, 3),
(11, 'PHIL 203.25', 'Philippine Folk Dances', 2006, '', 3, '85854-131156-1235524', 112, '0.00', '', 2, 3),
(12, 'PHIL 203.26', 'Philippine Folk Dances', 2006, '', 5, '45678-76543-9765424', 134, '0.00', '', 2, 3),
(13, 'PHIL 203.26', 'Philippine Folk Dances', 2006, '', 6, '8950431-424567635242', 103, '0.00', '', 2, 3),
(14, 'VBT 203.32', 'Volleyball Today', 2000, '2', 0, '752141-1314151245-45', 230, '0.00', '', 3, 7),
(15, 'LMN 233.42', 'Leadership and Management in Nursing', 2005, '1', 0, '5678-34565445-453434', 146, '0.00', '', 3, 3),
(16, 'ENG 323.3', 'College Freshman  English Book II', 2004, '', 0, '5353747-49876542-312', 287, '0.00', '', 4, 8),
(17, 'PTH 323.3', 'Pathophysiology', 2005, '3', 0, '131456-576353-234266', 737, '0.00', '', 8, 9),
(18, 'PHAM 332.32', 'Pharmacology for Nurses', 2005, '', 0, '9876-4567-342313-567', 831, '0.00', '', 3, 10),
(19, 'NUR 323.33', 'Handbook of Diseases', 2004, '', 0, '987654-098765-987654', 979, '0.00', '', 3, 11),
(20, 'NUR 332.34', 'Handbook of Nursing Diagnosis', 2004, '10', 0, '4151213-123145666-12', 700, '0.00', '', 3, 11),
(21, 'NUR 233.44', 'Manual of Nursing Practice', 2001, '7', 1, '9428213812-4324234-2', 1060, '0.00', '', 2, 11),
(22, 'NUR 233.45', 'Manual of Nursing Practice', 2005, '7th', 2, '9876478910-313-10498', 1746, '0.00', '', 3, 11),
(23, 'MED 33.323', 'Medical-Surgical Nursing', 2005, '2', 0, '812838123-1231418238', 1110, '0.00', '', 3, 12),
(24, 'NUR 344.33', 'Nurse as Educator', 2003, '2', 0, '938172367-1234198124', 571, '0.00', '', 3, 13),
(25, 'LIT 443.33', 'Kasaysayan-Journal of the National Historical Institute', 2001, '', 1, '98765456-34098764789', 279, '0.00', '', 6, 14),
(26, 'LIT 955.444', 'Quotations from Rizal''s Writings', 1999, '', 0, '456789-098765-876543', 218, '0.00', '', 6, 14),
(27, 'LIT 44.343', 'Life and Death of a Boy General', 2003, '', 0, '56789-0987654456-098', 108, '0.00', '', 2, 14),
(28, 'LIT 890.99', 'Sentiments', 2002, '', 0, '87656789-876567890-9', 109, '0.00', '', 5, 14),
(29, 'ECE 4.333', 'The ECE in Practice', 2005, '4', 0, '456245-242516-414134', 420, '0.00', '', 2, 15),
(30, 'ECE 423.2', 'Rapid ECE Interpretation', 2005, '20', 0, '77FGD3-SD2331-33D3', 338, '0.00', '', 3, 4),
(31, 'HIS 233.54', 'History of Asian Civilization', 2003, '', 0, '982-8662-091-13331', 210, '0.00', '', 6, 16),
(32, 'LIT 33.232', 'Textbook on the Philippine Constitution', 2005, '2005', 0, '77FGD3-443244-33D3Y3', 530, '0.00', '', 5, 2),
(33, 'FIL 331.33', 'The Family Code of the Philippines', 2004, '', 0, '9663-31413124-DA1317', 90, '0.00', '', 3, 17),
(34, 'FIL 332.22', 'Interaktibong Modyal Para sa Filipino I Pangkolehiyo', 2006, '', 0, '77FGD3-SD2331-33D334', 181, '0.00', '', 2, 18),
(35, 'PHY 233.33', 'Fundamentals of General Psychology', 2005, '', 0, '982-8662-091-1231344', 220, '0.00', '', 8, 19),
(36, 'PHIL 233.22', 'Logic and Ethics', 2005, '', 0, '23D84-4234-3331234-1', 191, '0.00', '', 2, 19),
(37, 'PHIL 203.29', 'People''s History of the Philippines', 2004, '', 0, '752425-5436567860956', 214, '0.00', '', 2, 19),
(38, 'PHY 233.33', 'Patho Physiology MIE', 2006, '', 0, '77FGD3-SD2331-DE0987', 469, '0.00', '', 8, 11),
(39, 'NUR 33.223', 'Critical Care Nursing', 2004, '', 0, '883203-314DEE-312345', 665, '0.00', '', 3, 11),
(40, 'NUR 33.212', 'Pain Management', 2003, '', 0, '3312-33213-5684434', 346, '0.00', '', 3, 11),
(41, 'PHIL 644.77', 'Psychiatric Nursing', 2004, '', 0, '31234441-33213-56844', 566, '0.00', '', 3, 11),
(42, 'SCI 233.23', 'Fluids and Electrolytes', 2005, '', 0, '3312321-33213-56844', 376, '0.00', '', 3, 11),
(43, 'NUR 322.31', 'Maternal-Neonatal Nursing', 2004, '', 0, '23D84-4234322DAS31-1', 598, '0.00', '', 3, 11),
(44, 'NUR 343.22', 'Maternal and Child Health Nursing', 2007, '5', 1, '23D84-4234-2DAS31-2', 795, '0.00', '', 3, 11),
(45, 'NUR 233.43', 'Maternal and Child Health Nursing', 2007, '5', 2, '23D84-4234-2DAS31-13', 1856, '0.00', '', 3, 11),
(46, 'NUR 343.22', 'Medical-Surgical Nursing', 2004, '10', 1, '3312-33213-56844-321', 1075, '0.00', '', 3, 11),
(47, 'NUR 344.34', 'Medical-Surgical Nursing', 2004, '10', 2, '3312-33213-56844O98', 2234, '0.00', '', 3, 11),
(48, 'NUR 32.331', 'Caring for the Older Person', 2005, '', 0, '883123124-3123124122', 278, '0.00', '', 3, 20),
(49, 'NUR 233.12', 'Caring for the Special Child', 2003, '', 0, '4134-123144-31245533', 239, '0.00', '', 3, 20),
(50, 'PHY 233.33', 'Intro to Human Analogy and Physiology', 2003, '2', 0, '3143124-131445-31235', 340, '0.00', '', 8, 4),
(51, 'NUR 323.22', 'Clinical Calculations', 2003, '4th', 0, '2314141-1231341-3455', 355, '0.00', '', 3, 4),
(52, 'HEH 103.2', 'Williams Basic Nutrition and Diet Therapy', 2005, '12', 0, '4812312-124185172330', 454, '0.00', '', 8, 21),
(53, 'HEH 104.1', 'Essential of Nutrition and Diet Therapy', 1990, '5', 0, '48123-314813-1238585', 623, '0.00', '', 8, 22),
(54, 'NUR 340.33', 'Clinical Skills Manual For Maternal-Newborn and Child Nursing', 2003, '', 0, '0404133-321555-34412', 179, '0.00', '', 3, 23),
(55, 'NUR 332.33', 'Nursing Interventions and Clinical Skills', 2000, '', 0, '33-4132441234-345183', 998, '0.00', '', 3, 24),
(56, 'NUR 443.2', 'MEO-MATH Dosage Calculation, Preparation and Administration', 2002, '2d', 0, '939123-12314141-2314', 285, '0.00', '', 3, 11),
(57, 'CDC 251.1', 'Communicable Disease Control Handbook', 2006, '2nd', 0, '6534-66333-883655-77', 416, '0.00', '', 8, 25),
(58, 'FPP234.2', 'Focus on Pathopsychology', 2000, '', 0, '536633-6346763-38564', 1231, '0.00', '', 8, 11),
(59, 'PPN 234.4', 'Principles and Practice of Psychiatric Nursing', 2005, '8th', 0, '346345-6345856-37468', 900, '0.00', '', 8, 24),
(60, 'NHA 234.8', 'Nursing Health Assessment', 2007, '1st', 0, '23536-574534-6746544', 315, '0.00', '', 2, 27),
(61, 'BIN 234.10', 'Biothics in Nursing', 2006, '1st', 0, '46436-74454-85757454', 126, '0.00', '', 2, 27),
(62, 'APN 234.14', 'Applied Pharmacology in Nursing', 2006, '1st', 0, '563464-634745-755456', 263, '0.00', '', 2, 27),
(63, 'HEA 234.17', 'Health Economics with Agrarian Reform', 2007, '1st', 0, '34646-74643-85758454', 169, '0.00', '', 2, 27),
(64, 'PNA 234.20', 'The Philippine Nursing Act of 2002 (R.A 9173)', 2006, '1st', 0, '2346464-4564346-7464', 153, '0.00', '', 2, 27),
(65, 'FNP 234.25', 'Focus on Nursing Pharmacology', 2006, '3D', 0, '5634643-7474-4374342', 974, '0.00', '', 2, 11),
(66, 'MCH 134.5', 'Maternal and Child Health Nursing', 2007, '5th', 1, '374657-74585-3465773', 795, '0.00', '', 2, 11),
(67, 'MCH 134.6', 'Maternal and Child Health Nursing', 2007, '5th', 2, '464577-373557-745774', 1856, '0.00', '', 2, 11),
(68, 'FNC 134.9', 'Fundamentals of Nursing', 2004, '7th', 0, '47473573-577437-3475', 1516, '0.00', '', 2, 10),
(69, 'MSN 134.10', 'Medical-Surgical Nursing', 2004, '1', 0, '463474-3747573-57585', 1071, '0.00', '', 2, 11),
(70, 'MSN 134.13', 'Medical-Surgical Nursing', 2004, '2', 0, '43364747-363463-7464', 2234, '0.00', '', 2, 11),
(71, 'NDG 134.20', 'Nurses Drug Guide 2006', 2006, '7th', 0, '734753-8484336-46844', 1458, '0.00', '', 3, 11),
(72, 'NDH 134.21', 'Nursing Diagnosis Handbook', 2006, '7th', 0, '474647-4647546-35754', 1353, '0.00', '', 2, 24),
(73, 'NNA 134.23', 'Nutrition of Nursing Approach', 2004, '3D', 0, '63578-357583-4753755', 884, '0.00', '', 2, 24),
(74, 'EPP 134.25', 'Essentials of Pathophysiology', 2007, '2D', 0, '557437-734757-357543', 1147, '0.00', '', 2, 11),
(75, 'NDA 134.26', 'Nursing Diagnosis', 2006, '11th', 0, '368573-73473-6347432', 1002, '0.00', '', 2, 11),
(76, 'MCH 134.27', 'Maternal and Child Health Nursing', 2007, '5th', 0, '657347-457473-753757', 229, '0.00', '', 2, 11),
(77, 'ENR 134.28', 'Essentials of Nursing Research', 2006, '6th', 0, '573573-74831-7834324', 554, '0.00', '', 3, 11),
(78, 'NDT 134.30', 'Nutrition and Diet Theraphy', 2005, '8th', 0, '474228-27947-4267943', 551, '0.00', '', 2, 12),
(79, 'NRP 135.1', 'Nursing Research Principles and Methods', 2004, '7th', 0, '48346-3488335-589322', 758, '0.00', '', 2, 11),
(80, 'PPS 135.2', 'Pathopsychology', 2004, '3rd', 0, '4784647-34658-347873', 737, '0.00', '', 2, 28),
(81, 'PMN 135.3', 'Pharmacology for Nurses', 2005, '', 0, '475624-734467-236473', 831, '0.00', '', 2, 10),
(82, 'SHP 135.10', 'Statistics for Health Profession', 2006, '', 0, '43753-7543-86984-684', 249, '0.00', '', 2, 3),
(83, 'LMN 135.11', 'Leadership and Management in Nursing', 2005, '1st', 0, '58593-71048-194-2582', 146, '0.00', '', 2, 3),
(84, 'CHP 135.14', 'Chemistry for the Health Profession', 2006, '', 0, '35472-67441-5420-438', 353, '0.00', '', 2, 3),
(85, 'PHL 140.1', 'Philippine Literature ', 2004, '', 0, '35701-3591035-251824', 372, '0.00', '', 5, 29),
(86, 'MLN 140.2', 'Introductory Management and Leadership for Nurses', 1999, '2nd', 0, '32011-492735-3858292', 771, '0.00', '', 2, 13),
(87, 'MHS 140.10', 'Microbiology for the Health Sciences', 1996, '5th', 0, '256011-94582-8582967', 444, '0.00', '', 2, 29),
(88, 'MHS 140.11', 'Microbiology for the Health Sciences', 2004, '', 0, '25025-2275-0947-1841', 561, '0.00', '', 2, 29),
(89, 'CHN 140.15', 'Community Health Nursing', 2006, '', 0, '240582-35728-2582522', 613, '0.00', '', 2, 30),
(90, 'PHN 169.1', 'Public Health Nursing in the Philippines', 2007, '10th', 0, '16327-3684567-428443', 390, '0.00', '', 2, 30),
(91, 'SOC 169.2', 'Sociology I', 2006, '', 0, '472872-474225-374873', 189, '0.00', '', 2, 32),
(92, 'SLS 169.3', 'Speech for Leadership', 2006, '', 0, '3859374-29355-384858', 173, '0.00', '', 2, 32),
(93, 'PDN 169.4', 'Pediatric Nursing', 2005, '4th', 0, '583854-285532-385890', 419, '0.00', '', 2, 33),
(94, 'MSN 169.5', 'Medical Surgical Nursing Review Series', 2005, '4th', 0, '754735-390184-104482', 666, '0.00', '', 2, 33),
(95, 'NML 169.6', 'Nursing Management and Leadership', 2005, '4th', 0, '385649-500258-490258', 498, '0.00', '', 2, 34),
(96, 'NDT 169.7', 'Nutrition and Diet Therapy', 2007, '9th', 0, '582958-048258-395035', 542, '0.00', '', 2, 12),
(97, 'SGA 169.8', 'Study Guide to Accompany Fundamental of Anatomy and Physiology', 2006, '2nd', 0, '603053-496024-305034', 250, '0.00', '', 1, 12),
(98, 'SCA 169.9', 'Skills Checklist to Accompany Fundamentals of Nursing', 2006, '3rd', 0, '502583-053825-305043', 334, '0.00', '', 2, 12),
(99, 'FNS 169.9', 'Fundamentals of Nursing', 2006, '3rd', 0, '602593-024854-039255', 1455, '0.00', '', 2, 12),
(100, 'FAP 170.1', 'Fundamentals of Anatomy and Physiology', 2006, '2nd', 0, '592059-302053-030683', 518, '0.00', '', 2, 12),
(101, 'DSC 170.2', 'Dosage Calculation', 2004, '7th', 0, '502058-03582-0396828', 552, '0.00', '', 2, 12),
(102, 'DGL 170.3', 'Delmar''s Guide to Laboratory and Diagnostic Tests', 2002, '', 0, '502858-305043-305044', 1018, '0.00', '', 2, 12),
(103, 'TML 170.5', 'The Medical Language', 1995, '', 0, '502853-309547-200558', 513, '0.00', '', 2, 12),
(104, 'NPC 170.6', 'Nursing Practice in the Community', 2004, '4th', 0, '5020584-03036-303004', 450, '0.00', '', 2, 35),
(105, 'STS 170.7', 'Science, Technology, Society', 2004, '', 0, '603853-300663-003583', 324, '0.00', '', 2, 29),
(106, 'SLR 310.8', 'Significant Laws, Rules and Regulations and Standards in Nursing Practice', 2007, '', 0, '582050-21988-0202442', 566, '0.00', '', 2, 1),
(107, 'CCN 310.9', 'Critical Care Nursing Reference', 2007, '', 0, '603015-375020-485532', 849, '0.00', '', 2, 24),
(108, 'MDL 310.10', 'Mosby''s Diagnostic and Laboratory Test Reference', 2007, '8th', 0, '602248-40013-4053275', 1095, '0.00', '', 3, 24),
(109, 'CCF 310.11', 'Clinical Companion for Foundation of Maternal-Newborn Nursing', 2007, '4th', 0, '502044-100147-022284', 547, '0.00', '', 2, 36),
(110, 'ZOO 317.8', 'Zoology', 2007, '7th', 0, '522043-88305-1120442', 588, '0.00', '', 2, 28),
(111, 'TWF 317.9', 'Technical Writing for Filipino Students', 2003, '2nd', 0, '402034-101245-203032', 160, '0.00', '', 4, 37),
(112, 'WSC 317.9', 'Writing Skills for College', 2003, '2nd', 0, '502024-110452-110056', 217, '0.00', '', 2, 37),
(113, 'NCI 410.8', 'Nursing Care for Infants and Children', 2007, '8th', 0, '501693-22052-1105635', 1082, '0.00', '', 2, 24),
(114, 'ENI 410.10', 'Essentials of Nursing Informatics', 2006, '4th', 0, '386924-210052-110442', 705, '0.00', '', 2, 9),
(115, 'MTM 410.10', 'Myles Textbook for Midwives', 2003, '14th', 0, '602582-10442-1104472', 1089, '0.00', '', 2, 15),
(116, 'MWH 410.11', 'Maternity and Women''s Health Care', 2004, '8th', 0, '305828-01278-0225829', 1219, '0.00', '', 3, 24),
(117, 'TFN 71.8', 'Theoretical Foundations of Nursing: The Philippine Perspective', 2008, '', 0, '240184-018442-102044', 201, '0.00', '', 3, 38),
(118, 'ORT 78.10', 'Operating Room Technique', 2008, '2nd', 0, '892053-192942-223024', 162, '0.00', '', 2, 39),
(119, 'LNZ 78.11', 'Lecture Note on Zoology', 2006, '', 0, '285938-303950-202924', 157, '0.00', '', 1, 40),
(120, 'TMN 164.8', 'Textbook of Medical-Surgical Nursing', 2008, '11th', 1, '829483-030522-894934', 1281, '0.00', '', 2, 33),
(121, 'NCP 178.8', 'Nursing Care Plans', 2006, '7th', 0, '572940-201248-038272', 988, '0.00', '', 2, 41),
(122, 'KFN 155.1', 'Kozier and Erb''s Fundamentals of Nursing', 2008, '8th', 1, '592059-020284-102943', 796, '0.00', '', 3, 23),
(123, 'KFN 154.2', 'Kozier and Erb''s Fundamentals of Nursing', 2008, '8th', 2, '572942-058384-284843', 1631, '0.00', '', 3, 23),
(124, 'KFN 164.2', 'Kozier and Erb''s Fundamentals of Nursing', 2008, '8th', 3, '482453-02944-3822844', 249, '0.00', '', 2, 23),
(125, 'NMM 143.35', 'The Nurse, The Math, The Meds', 2007, '', 0, '491942-27448-3049224', 504, '0.00', '', 2, 24),
(126, 'NPG 124.5', 'Nurse''s Pocket Guide', 2006, '11th', 0, '385730-39282-852432', 968, '0.00', '', 2, 41),
(127, 'EHA 142.2', 'Essentials of Human Anatomy and Physiology', 2006, '8th', 0, '728402-028524-201945', 606, '0.00', '', 2, 10),
(128, 'EHA 143.5', 'Essentials of Human Anatomy and Physiology Laboratory Manual', 2006, '3rd', 0, '592058-202956-302621', 395, '0.00', '', 2, 10),
(129, 'ICH 101.8', 'Introduction to Computers for Health Care Professionals', 2006, '4th', 0, '482952-405824-292049', 440, '0.00', '', 2, 13),
(130, 'FIT 108.1', 'Fuszard''s Innovative Teaching Strategies in Nursing', 2006, '3rd', 0, '28537-939434-1929422', 378, '0.00', '', 2, 13),
(131, 'NMT 108.10', 'Nursing Management Towards Quality Care', 2006, '3rd', 0, '472942-048294-294053', 293, '0.00', '', 2, 13),
(132, 'BNS 148.3', 'Biochemistry for Nursing Students', 2005, '', 0, '472942-50302-3949294', 204, '0.00', '', 2, 1),
(133, 'HIB 80.10', 'Harper''s Illustrated Biochemistry', 2006, '27th', 0, '729483-20403-2030403', 692, '0.00', '', 3, 28),
(134, 'BPG 108.3', 'Bate''s Pocket Guide to Physical Examination', 2007, '5th', 0, '482943-20403-2030482', 455, '0.00', '', 3, 33),
(135, 'TBC 180.3', 'Textbook of Biochemistry with Clinical Correlations', 2002, '5th', 0, '471942-2065382-30403', 1216, '0.00', '', 2, 42),
(136, 'CCN 193.8', 'Critical Care Nursing Handbook', 2009, '', 0, '629402-047274-204948', 223, '0.00', '', 2, 13),
(137, 'FNS 194.8', 'Fundamental Nursing Skills and Concepts', 2009, '9th', 0, '371953-205928-020305', 969, '0.00', '', 2, 33),
(138, 'BIO 198.6', 'Biochemistry', 2002, '5th', 0, '371949-02049-2020402', 974, '0.00', '', 2, 43),
(139, 'HAP 201.8', 'Health Assessment and Physical Examination', 2006, '3rd', 0, '482042-27502-3050382', 980, '0.00', '', 2, 12),
(140, 'DIL 211.8', 'Dictionary in Logic', 2009, '', 0, '381972-203942-293972', 107, '0.00', '', 2, 44),
(141, 'CSN 217.8', 'Classroom Skills for Nurse Education', 2008, '', 0, '482472-949244-294953', 417, '0.00', '', 2, 13),
(142, 'PMS 218.8', 'Principles of Medical-Surgical Nursing', 2007, '', 1, '471982-02972-0203958', 928, '0.00', '', 2, 10),
(143, 'PMS 219.8', 'Principles of Medical-Surgical Nursing', 2007, '', 2, '471943-861014-284929', 1853, '0.00', '', 2, 10),
(144, 'MFN 224.8', 'Mastering Fundamentals of Nursing', 2009, '3rd', 0, '482958-206638-295939', 530, '0.00', '', 2, 27),
(145, 'CMD 229.8', 'Community Development', 2009, '3rd', 0, '472952-05934-2043483', 226, '0.00', '', 2, 27),
(146, 'NAE 234.8', 'Nurse as Educator', 2003, '2nd', 0, '482952-406033-509483', 571, '0.00', '', 2, 13),
(147, 'SCM 241.8', 'Speech Communication 101', 2008, '', 0, '472952-295024-209383', 158, '0.00', '', 2, 37),
(148, 'CMS 244.8', 'Contemporary Medical-Surgical Nursing', 2007, '', 1, '385924-29405-3959394', 1133, '0.00', '', 2, 12),
(149, 'ELM 254.7', 'Effective Leadership and Management in Nursing', 2009, '7th', 0, '749205-10403-1403039', 337, '0.00', '', 2, 10),
(150, 'PTN 258.5', 'Pediatric Nursing', 2008, '2nd', 0, '739692-93982-9402042', 1342, '0.00', '', 2, 12),
(151, 'CSN 179', 'Classroom Skills for Nurse Educator', 2008, '', 0, '1849274-295002-28495', 417, '0.00', '', 2, 13),
(152, 'APM 172', 'Anatomy and Physiology Lab Manual', 2004, '', 0, '396024-200432-293692', 358, '0.00', '', 2, 42),
(153, 'MBI 173', 'Microbiology An Introduction', 2007, '9th', 0, '48295-405033-3950140', 958, '0.00', '', 2, 10),
(154, 'CHS 127', 'Chemistry for the Health Sciences', 2002, '8th', 0, '4068215-050257-29537', 643, '0.00', '', 2, 23),
(155, 'ULG 139', 'Ultimate Learning Guide to Nursing Review', 2008, '2008', 0, '592063-63925-3005384', 643, '0.00', '', 3, 38),
(156, 'EPM 151', 'Essential Procedures for Safe Maternity Care', 2009, '2nd', 0, '4729593-03853-205932', 549, '498.00', '', 2, 1),
(157, 'MNC 165', 'Maternal and Newborn Care', 2009, '', 0, '481042-020592-201438', 320, '398.00', '', 2, 1),
(158, 'NLM 106', 'Nursing Leadership and Management', 2008, '2nd', 0, '481058-02483-3020155', 718, '0.00', '', 2, 12),
(159, 'HPN 126', 'Health Promotion in Nursing', 2008, '2nd', 0, '491058-204928-395822', 486, '0.00', '', 2, 12),
(160, 'CCE 116', 'Critical Care and Emergency Nursing', 2006, '', 0, '482059-30101-2903711', 430, '0.00', '', 3, 36),
(161, 'HDS 109', 'Human Diseases', 2008, '2nd', 0, '491058-492040-174322', 463, '0.00', '', 2, 12),
(162, 'TCN 129', 'Taylor''s Clinical Nursing Skills', 2008, '2nd', 0, '502852-102472-957294', 1052, '0.00', '', 2, 11),
(163, 'HEP 129', 'Health Economics and Policy', 2006, '3rd', 0, '482046-29483-3058253', 473, '0.00', '', 2, 12),
(164, 'IFA 109', 'An Introduction to First Aid for Colleges and Universities', 2007, '8th', 0, '975925-205114-402858', 558, '0.00', '', 2, 10),
(165, 'PAP 112', 'Pharmacology A Nursing Process Approach', 2009, '6th', 0, '815104-692953-025920', 998, '0.00', '', 2, 36),
(166, 'EHA 211', 'Economics in Health for the Allied Health Sciences', 2006, '', 0, '194914-405828-294924', 171, '0.00', '', 2, 1),
(167, 'HPN 119', 'Health Promotion in Nursing Practice', 2006, '5th', 0, '582058-205028-693063', 367, '0.00', '', 2, 10),
(168, 'BMD 110', 'Bioethics and Moral Decisions', 2007, '', 0, '305830-10386-1040259', 306, '0.00', '', 2, 1),
(169, 'FNP 204', 'Focus on Nursing Pharmacology', 2008, '4th', 0, '582903-603858-204934', 1072, '0.00', '', 2, 33),
(170, 'PHP 210', 'Pathophysiology for the Health Professions', 2007, '3rd', 0, '582051-502801-682051', 800, '0.00', '', 2, 21),
(171, 'MBP 154', 'Microbiology and Parasitology', 2006, '2nd', 0, '681058-105572-104727', 211, '0.00', '', 2, 1),
(172, 'PMT 130', 'Principles and Mehods of Teaching', 2004, '3rd', 0, '793060-104831-195025', 307, '0.00', '', 2, 45),
(173, 'SPC 145', 'Synopsis of Psychiatry', 1994, '7th', 0, '828520-693104-103194', 1257, '0.00', '', 2, 46),
(174, 'NED 115', 'Nurse as Educator', 2008, '3rd', 0, '591051-60342-1502842', 667, '0.00', '', 3, 13),
(175, 'IRH 105', 'Introduction to Research in the Health Sciences', 2009, '1st', 0, '410481-109727-302848', 197, '0.00', '', 2, 1),
(176, 'HEF 210', 'Health and Education for the Family 1', 2008, '', 1, '582048-019482-103934', 376, '0.00', '', 2, 47),
(177, 'HEF 210.1', 'Health and Education for the Family 2', 2008, '', 2, '581016-94874-2058283', 381, '0.00', '', 2, 47),
(178, 'HEF 210.2', 'Health and Education for the Family 3', 2008, '', 3, '69204-20583-22859251', 400, '0.00', '', 2, 47),
(179, 'HEF 210.3', 'Health and Education for the Family 4', 2008, '', 4, '582941-95928-1949204', 381, '0.00', '', 2, 47),
(180, 'PLM 121', 'Physics Laboratory Manual 1', 2010, '', 0, '582948-19482-1050294', 147, '0.00', '', 2, 30),
(181, 'PLM 122', 'Physics Laboratory Manual 2', 2010, '', 0, '68104-104914-1048217', 156, '0.00', '', 2, 30),
(182, 'MBN 148', 'Modules for Basic Nursing Skills', 2007, '7th', 0, '581024-105928-108283', 1120, '0.00', '', 2, 33),
(183, 'MBN 148.1', 'Modules for Basic Nursing Checklist', 2007, '7th', 0, '58104-10481-19581848', 399, '0.00', '', 2, 33),
(184, 'EHA 218', 'Essentials of Human Anatomy', 2009, '9th', 0, '58103-158204-1059285', 632, '0.00', '', 2, 48),
(185, 'APC 219', 'Anatomy and Physiology Coloring Workbook', 2010, '9th', 0, '481941-058174-105818', 344, '0.00', '', 2, 48),
(186, 'CAR 211', 'Clinical Assessment in Respiratory Care', 2010, '6th', 0, '481041-502760-395728', 476, '0.00', '', 2, 24),
(187, 'CMV 156', 'Clinical Application of Mechanical Ventilation', 2006, '3rd', 0, '481051-05824-1047114', 688, '0.00', '', 2, 12),
(188, 'INR 111', 'Introduction to Nursing Research', 2010, '', 0, '581014-502842-104818', 293, '348.00', '', 2, 1),
(189, 'LND 221', 'Lippincott''s Nursing Drug Guide', 2010, '', 0, '581041-502947-401948', 1486, '0.00', '', 2, 11),
(190, 'FEB 212', 'Fluids, Electrolytes and Acid-Base Balance', 2003, '', 0, '471041-502910-482951', 240, '0.00', '', 2, 23),
(191, 'MLM 322', 'Medical Language for Modern Health Care', 2008, '', 0, '710514-602958-195828', 909, '0.00', '', 2, 28),
(192, 'MCE 312', 'Multicultural Education', 2008, '14th', 0, '710415-105921-527824', 221, '0.00', '', 2, 28),
(193, 'CFW 232', 'Concepts of Fitness and Wellness', 2009, '8th', 0, '4810571-10591-481592', 490, '0.00', '', 2, 28),
(194, 'CSC 312', 'Coping with Stress  in a Changing World', 2007, '4th', 0, '185915-305026-201049', 416, '0.00', '', 2, 28),
(195, 'HDV 213', 'Human Development', 2009, '9th', 0, '481051-59195-1092852', 651, '0.00', '', 2, 28),
(196, 'LSD 233', 'Life-Span Development', 2009, '12th', 0, '482951-195824-194914', 637, '0.00', '', 2, 28),
(197, 'BMH 137', 'Burton''s Microbiology for the Health Science', 2011, '9th', 0, '481051-029581-194922', 431, '0.00', '', 2, 33),
(198, 'PNP 267', 'Professional Nursing in the Philippines', 2010, '11th', 0, '581051-49581-4919481', 501, '0.00', '', 2, 1),
(199, 'MFN 267', 'Mastering Fundamentals of Nursing', 2009, '3rd', 0, '4819581-59381-592958', 530, '0.00', '', 2, 27),
(200, 'MSN 212', 'Medical-Surgical Nursing', 2009, '2nd', 0, '481057-105028-205821', 778, '0.00', '', 2, 27),
(201, 'PHN 237', 'Public Health Nursing in the Philippines', 2007, '10th', 0, '102841-59692-1938531', 390, '0.00', '', 2, 31),
(202, 'CHN 315', 'Community Health Nursing', 2007, '', 0, '581051-420482-104828', 468, '0.00', '', 2, 44),
(203, 'TFN 322', 'Theoretical Foundations of Nursing', 2008, '', 0, '968482-28572-0132572', 193, '0.00', '', 2, 38),
(204, 'PWT 301', 'Physics Worktext', 2010, '', 0, '86205-10581-01048284', 400, '0.00', '', 2, 1),
(205, 'NPC 118', 'Nursing Practice in the Community', 2009, '5th', 0, '481051-603951-402951', 479, '0.00', '', 2, 35),
(206, 'MDF 109', 'Murder by Family', 2008, '', 0, '581058-104921-502759', 211, '0.00', '', 2, 49),
(207, 'KNN 112', 'Kidnapped', 2004, '', 0, '981741-104821-485814', 363, '0.00', '', 2, 50),
(208, 'TEF 141', 'The Earliest Filipinos', 1998, '', 2, '581094-01854-0491851', 303, '0.00', '', 2, 51),
(209, 'TSC 118', 'The Spanish Conquest', 1998, '', 3, '305814-93871-1059149', 302, '0.00', '', 2, 51),
(210, 'RAR 189', 'Reform and Revolution', 1998, '', 5, '105814-94828-1054722', 303, '0.00', '', 2, 51),
(211, 'HFF 321', 'Humanities for Filipinos', 2010, '', 0, '481057-109472-017524', 267, '300.00', '', 2, 19),
(212, 'SAA 322', 'Sociology and Anthropology', 2013, '', 0, '591058-104824-928581', 196, '300.00', '', 2, 19),
(213, 'JRT 323', 'Jose Rizal the First Filipino', 2012, '', 0, '502951-592951-395825', 256, '320.00', '', 2, 19),
(214, 'PHG 324', 'Philippine History and Government', 2012, '', 0, '105825-492506-206914', 327, '320.00', '', 2, 19),
(215, 'PAS 325', 'Politics, A study of Governance Under the 1987 Philippine Constituition', 2008, '', 0, '491052-592061-509220', 253, '300.00', '', 2, 19),
(216, 'KSA 177', 'Komunikasyon sa Akademikong Pilipino', 2011, '', 0, '401051-592205-105582', 162, '300.00', '', 2, 19),
(217, 'MPL 291', 'Mapanuring Pagbasa, Lohikal na Pagsulat Tungo sa Pananaliksik', 2013, '', 0, '039525-829531-391084', 192, '300.00', '', 2, 19),
(218, 'FLH 129', 'Filipino Literature History and Anthology', 2007, '', 0, '501951-104002-501184', 232, '300.00', '', 2, 19),
(219, 'PHH 261', 'Philippine History', 2010, '2nd', 0, '205823-740104-293823', 294, '371.00', '', 2, 2),
(220, 'EOL 262', 'Elements of Logic', 2012, '', 0, '893713-103813-849224', 169, '276.00', '', 2, 2),
(221, 'JRS 264', 'Jose Rizal Social Reformer and Patriot', 2011, '', 0, '204813-294025-503853', 241, '348.00', '', 2, 2),
(222, 'LCT 215', 'Logic and Critical Thinking', 2009, '1st', 0, '381041-30522-5018422', 152, '260.00', '', 2, 3),
(223, 'AWL 182', 'Anthology of World Literature for College', 2011, '', 0, '205924-104022-205835', 258, '395.00', '', 2, 52),
(224, 'BJN 284', 'Basic Japanes', 2012, '', 0, '104824-402452-69395#', 167, '0.00', '', 2, 30),
(225, 'JNM 258', 'Japanese Nursing Medical Dictionary', 2006, '', 0, '395824-592052-585022', 430, '0.00', '', 2, 53),
(226, 'LSN 151', 'Learn to Speak Nihonggo the Easy Way', 2014, '', 0, '963052-492042-395924', 166, '0.00', '', 2, 30),
(227, 'PNH 152', 'Prime Nihongo', 2012, '', 0, '391041-495024-195052', 225, '0.00', '', 2, 54),
(228, 'JEE 108', 'Japanese - English / English - Japanese Dictionary', 1995, '', 0, '402483-592052-195021', 666, '0.00', '', 2, 54),
(229, 'TSA 285', 'HILOT (The Science of the Ancient Filipino Healing Arts)', 2013, '', 0, '391041-402048-284924', 193, '0.00', '', 2, 52),
(230, 'RPC 215', 'Reflexology in Pregancy and Childbirth', 2010, '', 0, '491042-859224-104928', 176, '0.00', '', 2, 55),
(231, 'BAM 295', 'Book of Alternative Medicine', 2007, '', 0, '482042-859204-284920', 192, '0.00', '', 2, 57),
(232, 'CAM 251', 'Complimentary and Alternative Medicine', 2007, '', 0, '391041-495024-285020', 85, '0.00', '', 2, 56),
(233, 'KEF 207', 'Kozier and Erb''s Fundamentals of Nursing', 2014, '9th', 0, '491041-495021-058284', 1660, '0.00', '', 2, 10),
(234, 'SGB 305', 'Study Guide for Brunner and Suddarth''s Medical-Surgical Nursing', 2014, '13th', 1, '481041-485023-103942', 1193, '0.00', '', 3, 11),
(235, 'SGB 305.1', 'Study Guide for Brunner and Suddarth''s Medical-Surgical Nursing', 2014, '13th', 2, '391032-185023-585024', 2170, '0.00', '', 2, 11),
(236, 'SGB 305.2', 'Study Guide for Brunner and Suddarth''s Medical-Surgical Nursing', 2014, '13th', 3, '481002-104811-496924', 408, '0.00', '', 2, 11),
(237, 'EPS 330', 'Essential Procedures for Safe Maternity Care', 2011, '3rd', 0, '862942-040120-104824', 644, '0.00', '', 2, 1),
(238, 'MFN 318', 'Mastering Fundamentals of Nursing', 2009, '', 0, '385021-491041-502930', 530, '0.00', '', 2, 3),
(239, 'SKP 321', 'Sining ng Komunikasyon para sa Antas Tersyaryo', 2004, '', 0, '687024-105913-591094', 210, '0.00', '', 2, 37),
(240, 'CPH 224', 'Conceptual Physics', 2014, '11th', 0, '693952-020521-051049', 848, '0.00', '', 2, 10),
(241, 'CWA 331', 'Calculus with Applications', 2014, '10th', 0, '205921-603962-697210', 792, '0.00', '', 2, 10),
(242, 'TWC 106', 'The World of Chemistry', 2012, '', 0, '969341-492042-596024', 347, '0.00', '', 2, 57),
(243, 'TCR 229', 'The Caregiver''s Resource Book', 2006, '6th', 0, '928421-059285-194224', 449, '0.00', '', 2, 10),
(244, 'BIO 316', 'Biology', 2014, '2nd', 0, '285924-105824-291010', 347, '0.00', '', 2, 58),
(245, 'STA 317', 'Statistics', 2013, '2nd', 0, '819491-408695-105818', 356, '0.00', '', 2, 58),
(246, 'CAA 310', 'College Algebra with Applications', 2011, '1st', 0, '968385-105104-195911', 330, '0.00', '', 3, 2),
(247, 'CAN 338', 'College Algebra for Nursing', 2011, '1st', 0, '204924-150621-406925', 286, '0.00', '', 2, 2),
(248, 'AWC 239', 'Advanced Writing for College Communication Art 2', 2011, '', 0, '968496-105024-602952', 230, '0.00', '', 2, 30),
(249, 'UKA 142', 'Ugnayan: Komunikasyon sa Akademikong Pilipino', 2012, '', 0, '792958-029721-486925', 222, '0.00', '', 2, 30),
(250, 'KAF 343', 'Komunikasyon sa Akademikong Filipino', 2013, '', 0, '869395-105913-295921', 146, '0.00', '', 2, 39),
(251, 'EPC 156', 'English plus: Communicative Functional Grammar', 2005, '', 0, '869395-10592-5869252', 137, '0.00', '', 2, 2),
(252, 'BMT 250', 'Basic Mathematics', 2013, '', 0, '693061-060251-406925', 448, '0.00', '', 2, 58),
(253, 'BNS 357', 'Biochemistry for Nursing Students', 2005, '', 0, '692681-505246-029582', 204, '0.00', '', 2, 1),
(254, 'LUR 359', 'Linux User''s Resources', 1998, '', 0, '581910-104824-592958', 795, '0.00', '', 1, 23),
(255, 'BAI 216', 'Building an Intranet', 1996, '', 0, '829582-1059347-18592', 684, '0.00', '', 1, 59),
(256, 'CJV 361', 'Core Java 2 Vol. 1 - Fundamentals', 1999, '', 1, '396929-069214-592952', 742, '0.00', '', 1, 60),
(257, 'RHL 262', 'Red Hat Linux', 1998, '2nd', 0, '968295-105823-105929', 684, '0.00', '', 1, 59),
(258, 'PBL 184', 'Power Builder 4', 1995, '', 0, '928581-205923-581059', 884, '0.00', '', 1, 59),
(259, 'CJV 264', 'Core Java 2 Vol. 2 - Advanced Features', 0000, '', 2, '395928-105014-104924', 920, '0.00', '', 1, 60),
(260, 'GJM 343', 'Graphic Java Mastering the AWT', 1997, '2nd', 0, '839682-198592-596929', 877, '0.00', '', 1, 60),
(261, 'AFD 112', 'ATM for Dummies', 1997, '', 0, '839592-19492-4969253', 360, '0.00', '', 1, 61),
(262, 'ECT 167', 'Emerging Communications Technologies', 1994, '', 0, '104914-105921-595035', 428, '0.00', '', 1, 23),
(263, 'OOS 169', 'Object-Oriented System Design', 1994, '', 0, '860251-502194-295921', 400, '0.00', '', 1, 23),
(264, 'CBG 370', 'Cisco: A Beginners Guide', 2000, '', 0, '295913-105924-195921', 590, '0.00', '', 1, 28),
(265, 'CIT 127', 'Cisco: Internetworking and Troubleshooting', 2000, '', 0, '592951-506021-395923', 721, '0.00', '', 1, 28),
(266, 'CCC 173', 'CCNA Cisco Certified Networking Edition', 1999, '', 0, '929581-506013-505024', 729, '0.00', '', 1, 60),
(267, 'SSC 276', 'Site Server 3.0 Commerce Edition', 1999, '', 0, '019481-496024-510428', 703, '0.00', '', 1, 62),
(268, 'OSD 275', 'Open Source Development with CVS', 1999, '', 0, '206921-496024-285011', 315, '0.00', '', 1, 63),
(269, 'PAT 201', 'Professional Apache Tomcat', 2002, '', 0, '491041-496224-702583', 531, '0.00', '', 1, 62),
(270, 'GPI 178', 'Graphics Programming Inc.', 1988, '', 0, '591951-104852-601482', 638, '0.00', '', 1, 64),
(271, 'TRS 180', 'TCP/IP Running a Successful Network', 1996, '2nd', 0, '048141-496205-285962', 582, '0.00', '', 1, 65),
(272, 'USO 112', 'UNIX Security for the Organization', 1994, '', 0, '946214-603951-496025', 382, '0.00', '', 1, 59),
(273, 'OAE 182', 'Online Auctions at Ebay', 2004, '3rd', 0, '295911-602531-496035', 338, '0.00', '', 1, 66),
(274, 'AWD 284', 'Agile Web Development with Rails', 2006, '2nd', 0, '205924-501429-596025', 719, '0.00', '', 1, 67),
(275, 'WHT 217', 'Web Hosting', 2001, '', 0, '692051-059395-195021', 415, '0.00', '', 1, 28),
(276, 'DDA 256', 'Designing Database Applications with Objects and Rules ', 1997, '', 0, '582051-305935-582952', 579, '0.00', '', 1, 65),
(277, 'CFD 211', 'Cobol for Dummies', 1997, '', 0, '692051-105935-496936', 386, '0.00', '', 1, 61),
(278, 'WAN 116', 'Wide Area Network Performance and Optimization', 1996, '', 0, '859295-104052-105939', 338, '0.00', '', 1, 65),
(279, 'STY 329', 'SAMS Teach Yourself: Ajax in 10 Minutes', 2006, '', 0, '582051-496024-760368', 230, '0.00', '', 1, 59),
(280, 'STY 330', 'SAMS Teach Yourself: CAT in 10 Minutes', 2002, '2nd', 0, '592051-506031-603952', 304, '0.00', '', 1, 59),
(281, 'CCR 191', 'Cisco: The Complete Reference', 2002, '', 0, '959284-105925-195942', 1147, '0.00', '', 1, 28),
(282, 'ITN 292', 'Internetworking', 1991, '', 0, '105025-508325-860305', 425, '0.00', '', 1, 64),
(283, 'CNN 212', 'C++ Neutral Networking and Fuzzy Logic', 1993, '', 0, '582051-506931-496935', 408, '0.00', '', 1, 68),
(284, 'JDH 194', 'Java 1.1 Developer''s Handbook', 1997, '', 0, '602951-596931-595932', 1173, '0.00', '', 1, 69),
(285, 'HFI 113', 'Head First iPhone Development', 2010, '', 0, '592051-069395-188253', 517, '0.00', '', 1, 70),
(286, 'TOU 246', 'The Official Ubuntu Book', 2010, '5th', 0, '592582-059194-385921', 401, '0.00', '', 1, 71),
(287, 'UIT 226', 'Using Information Technology', 2013, '10th', 0, '130592-319593-206864', 576, '0.00', '', 1, 28),
(288, 'MMP 367', 'Managing and Maintaining your PC with Lab Exercises-Hardware', 2015, '3rd', 0, '928510-038528-104922', 175, '0.00', '', 1, 58),
(289, 'KPW 236', 'Komunikasyon at Pananaliksik sa Wika at Kulturang Pilipino', 2016, '1st', 0, '592052-507034-392042', 201, '0.00', '', 4, 2),
(290, 'PEH 119', 'Physical Education and Health', 2016, '1st', 0, '105821-496024-593930', 122, '0.00', '', 2, 2),
(291, 'PDV 196', 'Personal Development', 2016, '1st', 0, '591041-031048-485924', 68, '0.00', '', 2, 2),
(292, 'CRG 349', 'Caregiving', 2016, '1st', 0, '602051-028582-486921', 78, '0.00', '', 3, 2),
(293, 'PCL 361', 'Pre-Calculus', 2016, '1st', 0, '105824-395824-583952', 116, '0.00', '', 2, 2),
(294, 'GNM 275', 'General Mathematics', 2016, '1st', 0, '169295-295602-486925', 342, '0.00', '', 2, 2),
(295, 'RWS 386', 'Reading and Writing Skills ', 2016, '1st', 0, '691048-105962-295922', 208, '0.00', '', 4, 2),
(296, 'GCT 310', 'General Chemistry 1', 2016, '1st', 0, '602941-406921-582843', 324, '0.00', '', 2, 2),
(297, 'ELS 335', 'Earth and Life Sciences', 2016, '', 0, '581051-406034-104692', 426, '0.00', '', 6, 58),
(298, 'TBO 391', 'Teaching the Billings Ovulation Method', 1918, '', 0, '205962-506285-195929', 48, '0.00', '', 2, 72),
(299, 'TYF 344', 'Teaching Yourself Natural Family Planning', 2015, '', 0, '105824-105693-295963', 76, '0.00', '', 2, 72),
(300, 'TML 329', 'This Method is Love', 2013, '', 0, '496013-960395-194963', 62, '0.00', '', 2, 72),
(301, 'CPA 316', 'Contemporary Philippine Arts from the Regions', 2016, '1st', 0, '693851-058385-194968', 140, '0.00', '', 2, 2),
(302, 'GCM 362', 'General Chemistry 2', 2017, '1st', 0, '491048-105823-596024', 241, '0.00', '', 2, 2),
(303, 'PRS 384', 'Practical Research 1', 2016, '1st', 0, '592958-196385-385925', 163, '0.00', '', 2, 2),
(304, 'PPT 395', 'Pagbasa at Pagsusuri ng Iba''t-ibang Teksto Tungo sa Pananaliksik', 2016, '1st', 0, '938582-960283-108291', 231, '0.00', '', 4, 2),
(305, 'OCC 249', 'Oral Communication in Context', 2016, '1st', 0, '593852-050228-104828', 95, '0.00', '', 2, 2),
(306, 'SAP 230', 'Statistics and Probability', 2016, '1st', 0, '295827-105824-850205', 331, '0.00', '', 2, 2),
(307, 'TSN 333', 'Teaching Strategies for Nurse Educators', 2009, '2nd', 0, '769385-104823-596924', 300, '0.00', '', 2, 23),
(308, 'EGN 377', 'Essentials of Gerontological Nursing', 2006, '', 0, '692851-960381-407028', 862, '598.00', '', 2, 23),
(309, 'MCH 381', 'Maternal and Child Health Nursing', 2014, '7th', 1, '501948-104052-050284', 1712, '0.00', '', 2, 33),
(310, 'MCH 181.1', 'Maternal and Child Health Nursing', 2014, '7th', 2, '970205-602824-104928', 1712, '0.00', '', 2, 33),
(311, 'MCH 181.2', 'Study Guide for Maternal and Child Health Nursing', 2014, '7th', 3, '6029284-10952-059294', 237, '0.00', '', 2, 33),
(312, 'PPL 401', 'Pinagyamang Pluma', 2017, '', 0, '295061-040303-060382', 168, '0.00', '', 2, 45),
(313, 'APQ 410', 'Applied Research: An Intro to Quantitative Research Merhods and Report Writing', 2016, '', 0, '692051-603052-406922', 256, '0.00', '', 3, 45),
(314, 'UCS 425', 'Understanding Culture, Society and Politics', 2016, '', 0, '105823-104952-496029', 312, '0.00', '', 6, 45),
(315, 'GNB 435', 'General Biology I', 2017, '', 0, '2059114-59495-295925', 260, '0.00', '', 2, 45),
(316, '415', 'English for Academic and Professional Purposes', 2016, '1st', 0, '501051-450358-396040', 173, '0.00', '', 2, 2),
(317, 'PEH 431', 'Physical Education and Health Vol. II', 2016, '1st', 0, '170295-295038-910592', 231, '0.00', '', 2, 2),
(318, 'CRG 451', 'Caregiving Vol II', 2017, '1st', 2, '496921-691058-195929', 146, '0.00', '', 2, 2),
(319, 'ETN 416', 'Empowerment Technologies', 2016, '1st', 0, '682959-105924-692949', 248, '0.00', '', 1, 2),
(320, 'ENT 460', 'Entrepreneurship', 2016, '1st', 0, '801959-105321-205838', 216, '0.00', '', 2, 2),
(321, 'TLH 456', 'Teaching and Learning in the Health Sciences', 2013, '', 0, '206825-103521-406030', 463, '0.00', '', 2, 73);

-- --------------------------------------------------------

--
-- Table structure for table `category_tbl`
--

CREATE TABLE `category_tbl` (
  `category_id` int(5) NOT NULL,
  `classname` varchar(50) NOT NULL,
  `category_added` date NOT NULL,
  `category_delete` tinyint(1) NOT NULL
) ENGINE=InnoDB DEFAULT CHARSET=latin1;

--
-- Dumping data for table `category_tbl`
--

INSERT INTO `category_tbl` (`category_id`, `classname`, `category_added`, `category_delete`) VALUES
(1, 'Technology', '2017-07-30', 0),
(2, 'Filipiniana', '2017-07-30', 0),
(3, 'General Works', '2017-07-30', 0),
(4, 'Language', '2017-07-30', 0),
(5, 'Literature', '2017-07-30', 0),
(6, 'History and Geography', '2017-07-30', 0),
(7, 'Periodicals', '2017-07-30', 0),
(8, 'Philosophy and Psychology', '2017-07-30', 0);

-- --------------------------------------------------------

--
-- Table structure for table `course_tbl`
--

CREATE TABLE `course_tbl` (
  `course_id` int(3) NOT NULL,
  `course_name` varchar(50) NOT NULL,
  `course_description` varchar(100) NOT NULL,
  `course_added` date NOT NULL,
  `course_delete` tinyint(1) NOT NULL
) ENGINE=InnoDB DEFAULT CHARSET=latin1;

--
-- Dumping data for table `course_tbl`
--

INSERT INTO `course_tbl` (`course_id`, `course_name`, `course_description`, `course_added`, `course_delete`) VALUES
(1, 'Grade XII - STEM', '', '2017-09-19', 0),
(2, 'GRADE XII - CSS', '', '0000-00-00', 0),
(3, 'GRADE XII - Caregiving', '', '2017-09-19', 0),
(4, 'BS in Medical Technology', '', '2017-09-19', 0),
(5, 'BS in Political Science', 'Pre-law course', '2017-07-11', 1),
(6, 'BS in Nursing', 'Pre-medicine course', '2017-07-11', 0),
(7, 'BS in Business Administration', '', '2017-07-11', 1),
(8, 'BS in Respiratory Therapy', '', '2017-08-09', 0),
(9, 'BS in Midwiferey', '', '2017-08-09', 0);

-- --------------------------------------------------------

--
-- Table structure for table `department_tbl`
--

CREATE TABLE `department_tbl` (
  `department_id` int(3) NOT NULL,
  `department_name` varchar(50) NOT NULL,
  `department_description` varchar(150) NOT NULL,
  `department_added` date NOT NULL,
  `department_delete` tinyint(1) NOT NULL
) ENGINE=InnoDB DEFAULT CHARSET=latin1;

--
-- Dumping data for table `department_tbl`
--

INSERT INTO `department_tbl` (`department_id`, `department_name`, `department_description`, `department_added`, `department_delete`) VALUES
(1, 'Admission', '', '0000-00-00', 0),
(2, 'Faculty', '', '0000-00-00', 0),
(3, 'Library', '', '0000-00-00', 0),
(4, 'Registrar', '', '0000-00-00', 0),
(5, 'Accounting Department', '', '2017-07-12', 0),
(6, 'IT Department', '', '2017-07-10', 0);

-- --------------------------------------------------------

--
-- Table structure for table `employee_tbl`
--

CREATE TABLE `employee_tbl` (
  `employee_id` varchar(20) NOT NULL,
  `employee_fname` varchar(50) NOT NULL,
  `employee_mi` varchar(2) NOT NULL,
  `employee_lname` varchar(50) NOT NULL,
  `employee_birthday` date NOT NULL,
  `employee_email` varchar(50) NOT NULL,
  `employee_contact` varchar(15) NOT NULL,
  `employee_image` varchar(100) NOT NULL,
  `department_id` int(3) NOT NULL,
  `account_number` varchar(20) NOT NULL
) ENGINE=InnoDB DEFAULT CHARSET=latin1;

--
-- Dumping data for table `employee_tbl`
--

INSERT INTO `employee_tbl` (`employee_id`, `employee_fname`, `employee_mi`, `employee_lname`, `employee_birthday`, `employee_email`, `employee_contact`, `employee_image`, `department_id`, `account_number`) VALUES
('MCC-ADMIN', 'Flora', 'B', 'Lianza', '1970-02-08', 'info@marychiles-library.com', '09228448116', '', 3, 'MCC-ADMIN');

-- --------------------------------------------------------

--
-- Table structure for table `guest_tbl`
--

CREATE TABLE `guest_tbl` (
  `guest_id` int(6) NOT NULL,
  `guest_receipt` varchar(15) NOT NULL,
  `guest_name` varchar(100) NOT NULL,
  `guest_company` varchar(100) NOT NULL,
  `guest_contact` varchar(15) NOT NULL,
  `date_visited` date NOT NULL,
  `check_in` time NOT NULL,
  `check_out` time NOT NULL,
  `account_number` varchar(20) NOT NULL
) ENGINE=InnoDB DEFAULT CHARSET=latin1;

--
-- Dumping data for table `guest_tbl`
--

INSERT INTO `guest_tbl` (`guest_id`, `guest_receipt`, `guest_name`, `guest_company`, `guest_contact`, `date_visited`, `check_in`, `check_out`, `account_number`) VALUES
(1, '1190-11', 'Ma. Roselle Jimenez', 'University of Manila', '09051282941', '2017-10-24', '13:57:42', '00:00:00', '20140176007'),
(2, '1190-72', 'John Kendrick De Leon', 'Philippine Normal University', '09263031151', '2017-10-24', '13:58:14', '00:00:00', '20140176007');

-- --------------------------------------------------------

--
-- Table structure for table `guest_transaction_tbl`
--

CREATE TABLE `guest_transaction_tbl` (
  `guest_id` int(6) NOT NULL,
  `accession_number` int(6) NOT NULL,
  `guest_trans_status` varchar(10) NOT NULL
) ENGINE=InnoDB DEFAULT CHARSET=latin1;

-- --------------------------------------------------------

--
-- Table structure for table `holiday_tbl`
--

CREATE TABLE `holiday_tbl` (
  `holiday_id` int(3) NOT NULL,
  `holiday_date` date NOT NULL,
  `holiday_name` varchar(50) NOT NULL,
  `holiday_description` text NOT NULL,
  `holiday_type` varchar(25) NOT NULL,
  `holiday_added` date NOT NULL,
  `holiday_delete` tinyint(1) NOT NULL
) ENGINE=InnoDB DEFAULT CHARSET=latin1;

--
-- Dumping data for table `holiday_tbl`
--

INSERT INTO `holiday_tbl` (`holiday_id`, `holiday_date`, `holiday_name`, `holiday_description`, `holiday_type`, `holiday_added`, `holiday_delete`) VALUES
(1, '2017-12-25', 'Christmas', '', 'regular', '2017-10-15', 0),
(2, '2017-11-01', 'All Saints Day', '', 'regular', '2017-10-15', 0),
(3, '2017-11-02', 'All Souls Day', '', 'regular', '2017-10-15', 0),
(4, '2017-11-30', 'Bonifacio Day', '', 'regular', '2017-10-15', 0),
(5, '2017-12-31', 'New Years Eve', '', 'regular', '2017-10-15', 0),
(6, '2017-06-12', 'Independence Day', '', 'regular', '2017-10-15', 0);

-- --------------------------------------------------------

--
-- Table structure for table `penalty_tbl`
--

CREATE TABLE `penalty_tbl` (
  `penalty_id` int(5) NOT NULL,
  `amount_receivable` decimal(7,2) NOT NULL,
  `date_updated` date NOT NULL,
  `payment_mode` varchar(20) NOT NULL,
  `book_remarks` varchar(10) NOT NULL,
  `receipt_number` varchar(10) NOT NULL,
  `date_paid` date NOT NULL,
  `payment_status` varchar(20) NOT NULL,
  `transaction_id` int(7) NOT NULL
) ENGINE=InnoDB DEFAULT CHARSET=latin1;

--
-- Dumping data for table `penalty_tbl`
--

INSERT INTO `penalty_tbl` (`penalty_id`, `amount_receivable`, `date_updated`, `payment_mode`, `book_remarks`, `receipt_number`, `date_paid`, `payment_status`, `transaction_id`) VALUES
(1, '20.00', '2017-08-08', '', '', '60251', '2017-08-05', 'Paid', 1),
(2, '10.00', '2017-08-12', '', '', '75210', '2017-08-11', 'Paid', 7),
(3, '40.00', '2017-11-15', '', '', '', '0000-00-00', 'Pending', 22);

-- --------------------------------------------------------

--
-- Table structure for table `publisher_tbl`
--

CREATE TABLE `publisher_tbl` (
  `publisher_id` int(11) NOT NULL,
  `publisher_name` varchar(100) NOT NULL,
  `publisher_address` varchar(150) NOT NULL,
  `publisher_contact` varchar(15) NOT NULL,
  `publisher_email` varchar(50) NOT NULL,
  `publisher_registered` date NOT NULL,
  `publisher_delete` tinyint(1) NOT NULL
) ENGINE=InnoDB DEFAULT CHARSET=latin1;

--
-- Dumping data for table `publisher_tbl`
--

INSERT INTO `publisher_tbl` (`publisher_id`, `publisher_name`, `publisher_address`, `publisher_contact`, `publisher_email`, `publisher_registered`, `publisher_delete`) VALUES
(1, 'CNE Publishing, Corp.', '839 EDSA South Triangle, Quezon City, Philippines', '(632) 929-5088', 'info@cebookshop.com', '2017-07-30', 0),
(2, 'Rex Bookstore', '', '', '', '2017-07-30', 0),
(3, 'EPH', '', '', '', '2017-07-30', 0),
(4, 'W.B. Sounders', '', '', '', '2017-07-30', 0),
(5, 'Prentico-Hall', '', '', '', '2017-07-30', 0),
(6, 'National Bookstore', '', '', '', '2017-07-30', 0),
(7, 'Wadsworth', '', '', '', '2017-07-30', 0),
(8, 'UST', '', '', '', '2017-07-30', 0),
(9, 'Mc Graw-Hill', '', '', '', '2017-07-30', 0),
(10, 'Pearson', '', '', '', '2017-07-30', 0),
(11, 'Lippincott W ', '', '', '', '2017-07-30', 0),
(12, 'Thomson/Delmar', '', '', '', '2017-07-30', 0),
(13, 'Jones and Bertlette', '', '', '', '2017-07-30', 0),
(14, 'National Historical Institute', '', '', '', '2017-07-30', 0),
(15, 'Churchill Lwingstone', '', '', '', '2017-07-30', 0),
(16, 'UE', '', '', '', '2017-07-30', 0),
(17, 'None', '', '', '', '2017-07-30', 0),
(18, 'Newstar', '', '', '', '2017-07-30', 0),
(19, 'Libro Filipino', '', '', '', '2017-07-30', 0),
(20, 'U.P. Open University', '', '', '', '2017-07-31', 0),
(21, 'Elsevier/Mosby', '', '', '', '2017-07-31', 0),
(22, 'Times Mirror Mosby', '', '', '', '2017-07-31', 0),
(23, 'Prentice Hall', '', '', '', '2017-07-31', 0),
(24, 'Mosby', '', '', '', '2017-07-31', 0),
(25, 'Blackwell', '', '', '', '2017-08-02', 0),
(26, 'Saunders', '', '', '', '2017-08-02', 0),
(27, 'Educational Ph', '', '', '', '2017-08-02', 0),
(28, 'Mcgraw-Hill', '', '', '', '2017-08-02', 0),
(29, 'Trinitas', '', '', '', '2017-08-02', 0),
(30, 'National Bookstore', '', '', '', '2017-08-02', 0),
(31, 'NLPGN', '', '', '', '2017-08-14', 0),
(32, 'Mary Go', '', '', '', '2017-08-14', 0),
(33, 'LWW', '', '', '', '2017-08-14', 0),
(34, 'Bartlett', '', '', '', '2017-08-14', 0),
(35, 'Argonauta', '', '', '', '2017-08-14', 0),
(36, 'Saunders', '', '', '', '2017-08-28', 0),
(37, 'Katha', '', '', '', '2017-08-28', 0),
(38, 'Ultimate Learning Series', '', '', '', '2017-08-28', 0),
(39, 'Wiseman', '', '', '', '2017-08-28', 0),
(40, 'ACLC', '', '', '', '2017-08-28', 0),
(41, 'F.A Davis', '', '', '', '2017-08-28', 0),
(42, 'Wiley-Liss', '', '', '', '2017-08-28', 0),
(43, 'Freeman', '', '', '', '2017-08-28', 0),
(44, 'Merriam Webster', '', '', '', '2017-08-28', 0),
(45, 'Phoenix', '', '', '', '2017-09-10', 0),
(46, 'W', '', '', '', '2017-09-10', 0),
(47, 'PPH', '', '', '', '2017-09-11', 0),
(48, 'Bejamin Cummings', '', '', '', '2017-09-11', 0),
(49, 'Howard', '', '', '', '2017-09-11', 0),
(50, 'Tyndale', '', '', '', '2017-09-11', 0),
(51, 'Asia Pub. Co. Ltd', '', '', '', '2017-09-11', 0),
(52, 'Anvil', '', '', '', '2017-09-12', 0),
(53, 'Persian Gulf Pub.', '', '', '', '2017-09-12', 0),
(54, 'Park Publishing', '', '', '', '2017-09-12', 0),
(55, 'Random House', '', '', '', '2017-09-12', 0),
(56, 'Churchill Livingstone Elsevier', '', '', '', '2017-09-12', 0),
(57, 'Time Inc. Home Entertainment', '', '', '', '2017-09-12', 0),
(58, 'Cengage Learning', '', '', '', '2017-09-12', 0),
(59, 'Sams Net', '', '', '', '2017-09-12', 0),
(60, 'Sun Microsystem Inc.', '', '', '', '2017-09-12', 0),
(61, 'IDG Book Worldwide Inc.', '', '', '', '2017-09-12', 0),
(62, 'Wrox Press', '', '', '', '2017-09-12', 0),
(63, 'The Coriolis Group', '', '', '', '2017-09-12', 0),
(64, 'M and T Books', '', '', '', '2017-09-12', 0),
(65, 'Addison Wesley Longman', '', '', '', '2017-09-12', 0),
(66, 'Premier Press', '', '', '', '2017-09-12', 0),
(67, 'The Pragmatic Programmers, LLC', '', '', '', '2017-09-12', 0),
(68, 'Management Information Source, Inc.', '', '', '', '2017-09-12', 0),
(69, 'SYBEX Inc.', '', '', '', '2017-09-12', 0),
(70, 'O''Reilly Media Inc.', '', '', '', '2017-09-12', 0),
(71, 'Canonical, Ltd', '', '', '', '2017-09-12', 0),
(72, 'Woomb-Philippines', '', '', '', '2017-09-12', 0),
(73, 'UP Press', '', '', '', '2017-09-13', 0);

-- --------------------------------------------------------

--
-- Table structure for table `reservation_tbl`
--

CREATE TABLE `reservation_tbl` (
  `reservation_id` int(7) NOT NULL,
  `account_number` varchar(20) NOT NULL,
  `book_id` int(6) NOT NULL,
  `reserve_date` datetime NOT NULL,
  `expiration_date` datetime NOT NULL,
  `reserve_status` varchar(15) NOT NULL
) ENGINE=InnoDB DEFAULT CHARSET=latin1;

--
-- Dumping data for table `reservation_tbl`
--

INSERT INTO `reservation_tbl` (`reservation_id`, `account_number`, `book_id`, `reserve_date`, `expiration_date`, `reserve_status`) VALUES
(1, '201702200', 1, '2017-08-09 16:11:08', '2017-08-15 16:11:08', 'Expired'),
(2, '2015-02050', 1, '2017-10-16 00:14:49', '2017-10-21 00:14:49', 'Expired'),
(3, '2015-02050', 3, '2017-10-16 00:14:53', '2017-10-21 00:14:53', 'Expired');

-- --------------------------------------------------------

--
-- Table structure for table `settings_tbl`
--

CREATE TABLE `settings_tbl` (
  `settings_id` int(2) NOT NULL,
  `fine_student` decimal(4,2) NOT NULL,
  `fine_employee` decimal(4,2) NOT NULL,
  `quantity_books_student` int(2) NOT NULL,
  `quantity_books_employee` int(2) NOT NULL,
  `borrow_days_student` int(3) NOT NULL,
  `borrow_days_employee` int(3) NOT NULL,
  `reserve_days_student` int(3) NOT NULL,
  `reserve_days_employee` int(3) NOT NULL
) ENGINE=InnoDB DEFAULT CHARSET=latin1;

--
-- Dumping data for table `settings_tbl`
--

INSERT INTO `settings_tbl` (`settings_id`, `fine_student`, `fine_employee`, `quantity_books_student`, `quantity_books_employee`, `borrow_days_student`, `borrow_days_employee`, `reserve_days_student`, `reserve_days_employee`) VALUES
(1, '10.00', '5.00', 3, 5, 3, 5, 5, 2);

-- --------------------------------------------------------

--
-- Table structure for table `student_tbl`
--

CREATE TABLE `student_tbl` (
  `student_id` varchar(20) NOT NULL,
  `student_fname` varchar(50) NOT NULL,
  `student_mi` varchar(2) NOT NULL,
  `student_lname` varchar(50) NOT NULL,
  `student_birthday` date NOT NULL,
  `student_email` varchar(50) NOT NULL,
  `student_contact` varchar(15) NOT NULL,
  `student_image` varchar(100) NOT NULL,
  `course_id` int(3) NOT NULL,
  `account_number` varchar(20) NOT NULL
) ENGINE=InnoDB DEFAULT CHARSET=latin1;

--
-- Dumping data for table `student_tbl`
--

INSERT INTO `student_tbl` (`student_id`, `student_fname`, `student_mi`, `student_lname`, `student_birthday`, `student_email`, `student_contact`, `student_image`, `course_id`, `account_number`) VALUES
('20140142412', 'Victor', 'A', 'Rodriguez', '1997-09-04', 'gio.rod@gmail.com', '09051240946', 'Tulips.jpg', 4, '20140142412'),
('2015-02049', 'Rose Ann', 'M', 'Ducusin', '1994-12-16', 'ducusinrose14@gmail.com', '09277219197', '', 8, '2015-02049'),
('2015-02050', 'Wilvil', 'A', 'Constantimora', '1995-10-02', 'kenji.guillan@gmail.com', '09095327411', '', 9, '2015-02050'),
('201501054', 'Kimberly', 'P', 'Ramos', '1986-06-25', 'no@yahoo.com', '0939393201', '', 9, '201501054'),
('2016-03031', 'Rahaina', 'D', 'Edres', '1997-01-10', 'rahaimaedres@gmail.com', '09277219197', '', 8, '2016-03031'),
('2016-05001', 'Gleninin', 'C', 'Cabal', '2000-10-27', 'nimneigcabal@yahoo.com', '09976008325', '', 3, '2016-05001'),
('2016-05062', 'Joey', 'M', 'Bagal', '2000-04-20', 'joey_bagal08@yahoo.com', '09951458739', '', 3, '2016-05062'),
('201603031', 'Rochaima', 'D', 'Edres', '1997-01-10', 'rohaimaadres@gmail.com', '09158746030', '', 8, '201603031'),
('201605028', 'Jellie', 'M', 'Monton', '1999-10-12', 'montonjellie@gmail.com', '09059065527', '', 1, '201605028'),
('201605030', 'Dezairyl Kate', 'A', 'Nankil', '1999-12-20', 'nankilkate@gmail.com', '09367810752', '', 3, '201605030'),
('201605044', 'Rosemarie', 'M', 'Lonan', '1998-05-22', 'mcconan@gmail.com', '09256048075', '', 2, '201605044'),
('201605045', 'Janella', 'B', 'Angcoy', '1999-10-13', 'jaanneella18@gmail.com', '09352417565', '', 1, '201605045'),
('2017-02051', 'Sunshine', 'D', 'Sucabit', '1994-08-16', 'sunshine_sucabit@yahoo.com', '09504823151', '', 5, '2017-02051'),
('2017-02052', 'Ma. Kristina', 'F', 'Fabella', '1990-10-21', 'kristina_fabella@yahoo.com', '09263712070', '', 9, '2017-02052'),
('2017-02053', 'Avegail', 'D', 'Garong', '1998-08-23', 'avegailgarong@yahoo.com', '09979430059', '', 9, '2017-02053'),
('2017-02054', 'Jennifer', 'M', 'Montero', '1990-02-15', 'montero.jenniger@gmail.com', '09482749889', '', 9, '2017-02054'),
('2017-02057', 'Angela', 'E', 'Panotes', '1999-04-01', 'angela_panotes@yahoo.com', '099884941500', '', 9, '2017-02057'),
('2017-02267', 'Dyan Arra', 'L', 'De Asis', '1996-11-07', 'yarralamtin@gmail.com', '09568697482', '', 9, '2017-02267'),
('2017-02269', 'Angelica', 'V', 'Lugo', '1996-06-16', 'angelicalugo@gmail.com', '09266112272', '', 9, '2017-02269'),
('2017-05018', 'Trisha', 'X', 'Vergara', '1999-04-26', 'trishavergara0426@yahoo.com', '09282255180', '', 2, '2017-05018'),
('2017-05084', 'Klarence', 'M', 'Mamanguite', '2001-04-24', 'clarencemonreal@gmail.com', '09162772660', '', 9, '2017-05084'),
('2017-05088', 'Jemelin', 'G', 'Talento', '2000-02-24', 'jemeline_talento@yahoo.com', '09398194890', '', 1, '2017-05088'),
('2017-05102', 'Rovil', 'C', 'Pis-an', '2000-04-16', 'bhozzroseann@gmail.com', '09993826754', '', 2, '2017-05102'),
('2017-05105', 'Rania-Raihan', 'X', 'Magangcong', '2002-03-21', 'raniamagangcang@gmail.com', '09283599955', '', 1, '2017-05105'),
('2017-05107', 'Alaine Joy', 'T', 'Ambito', '2001-03-19', 'ambitoalainejoy@yahoo.com', '09503901790', '', 2, '2017-05107'),
('2017-05109', 'Cedrick', 'P', 'Tabut', '2001-02-06', 'mcedricktabut@yahoo.com', '09396060080', '', 2, '2017-05109'),
('2017-05111', 'Menchu', 'R', 'Morante', '1999-06-28', 'menchomorante@yahoo.com', '09499461235', '', 3, '2017-05111'),
('2017-05112', 'Camille', 'M', 'Yamat', '1999-09-27', 'camilleyamat03@yahoo.com', '09097069983', '', 3, '2017-05112'),
('2017-05119', 'Jay-ann', 'X', 'Saraga', '1999-06-12', 'jay_ann.saraga@yahoo.com', '', '', 1, '2017-05119'),
('2017-05121', 'Celvie', 'X', 'Saraga', '1992-03-13', 'celinesarafa@gmail.com', '09303561513', '', 1, '2017-05121'),
('2017-05122', 'Shanine', 'X', 'Labrador', '2000-05-31', 'toledo.shane@yahoo.com', '09501002908', '', 1, '2017-05122'),
('2017-05130', 'James Bryan', 'X', 'Villanueva', '2000-11-06', 'sbryanull@gmail.com', '09309580326', '', 2, '2017-05130'),
('2017-05131', 'Renz', 'K', 'Cabadd', '2001-06-08', 'renz_cabs@yahoo.com', '09554337449', '', 3, '2017-05131'),
('2017-05132', 'Craven', 'S', 'Guerrero', '2001-10-17', 'cravenshane@gmail.com', '09214631954', '', 2, '2017-05132'),
('2017-05136', 'Christian', 'B', 'Verba', '2000-01-07', 'christianverva@yahoo.com', '0903421745567', '', 2, '2017-05136'),
('2017-05142', 'Regel', 'R', 'Rodolfo', '1992-11-09', 'regel_rodolfo@yahoo.com', '09297298857', '', 3, '2017-05142'),
('201702200', 'Kate Ashley', 'C', 'Buhat', '1993-10-10', 'ashleybuhat@yahoo.com', '09051240955', '', 9, '201702200'),
('201705076', 'Loyd', 'B', 'Pineda', '2000-07-07', 'loyd.biag@gmail.com', '09054569708', '', 2, '201705076'),
('201705080', 'Carl', 'S', 'Eribe', '2000-05-18', 'aeribe@yahoo.com', '09429795489', '', 2, '201705080'),
('201705108', 'Jaydine', 'B', 'Flores', '2001-11-03', 'jaydineflores3@gmail.com', '09481828301', '', 2, '201705108'),
('201705124', 'Rizaldy', 'V', 'Calventes', '2000-09-27', 'calventes@gmail.com', '094397220', '', 2, '201705124'),
('201705127', 'Jude Mark', 'B', 'Glori', '1999-08-16', 'judemark@yahoo.com', '09429795489', '', 3, '201705127');

-- --------------------------------------------------------

--
-- Table structure for table `transaction_tbl`
--

CREATE TABLE `transaction_tbl` (
  `transaction_id` int(7) NOT NULL,
  `account_number` varchar(20) NOT NULL,
  `accession_number` int(6) NOT NULL,
  `borrow_date` datetime NOT NULL,
  `due_date` date NOT NULL,
  `return_date` datetime NOT NULL,
  `remarks` varchar(10) NOT NULL,
  `transaction_status` varchar(20) NOT NULL
) ENGINE=InnoDB DEFAULT CHARSET=latin1;

--
-- Dumping data for table `transaction_tbl`
--

INSERT INTO `transaction_tbl` (`transaction_id`, `account_number`, `accession_number`, `borrow_date`, `due_date`, `return_date`, `remarks`, `transaction_status`) VALUES
(1, '2016-05001', 32, '2017-08-02 11:24:32', '2017-08-05', '2017-08-08 14:24:55', '', 'Returned'),
(2, '201705108', 96, '2017-08-02 11:24:43', '2017-08-05', '2017-08-02 18:13:28', '', 'Returned'),
(3, '2015-02049', 242, '2017-08-02 15:14:58', '2017-08-05', '2017-08-04 10:48:02', '', 'Returned'),
(4, '201705076', 250, '2017-08-02 14:52:12', '2017-08-05', '2017-08-02 18:12:49', '', 'Returned'),
(5, '2015-02050', 754, '2017-08-08 13:04:09', '2017-08-11', '2017-08-11 13:58:43', '', 'Returned'),
(6, '2016-03031', 830, '2017-08-08 13:13:48', '2017-08-11', '2017-08-09 09:37:26', '', 'Returned'),
(7, '2016-03031', 756, '2017-08-08 13:13:48', '2017-08-11', '2017-08-12 13:59:23', '', 'Returned'),
(8, '201702200', 993, '2017-08-08 16:26:39', '2017-08-11', '2017-08-10 16:43:56', '', 'Returned'),
(9, '2017-05088', 354, '2017-08-08 16:27:27', '2017-08-11', '2017-08-09 09:36:45', '', 'Returned'),
(10, '201501054', 925, '2017-08-15 10:03:25', '2017-08-18', '2017-08-17 16:06:40', '', 'Returned'),
(11, '2017-05084', 991, '2017-08-15 10:03:41', '2017-08-18', '2017-08-17 14:15:08', '', 'Returned'),
(12, '201705108', 371, '2017-08-17 12:15:13', '2017-08-21', '2017-08-18 09:40:31', '', 'Returned'),
(13, '201705124', 351, '2017-08-23 11:48:54', '2017-08-26', '2017-08-24 13:20:33', '', 'Returned'),
(14, '201705076', 263, '2017-08-23 11:49:22', '2017-08-26', '2017-08-26 09:21:06', '', 'Returned'),
(15, '2017-05109', 358, '2017-08-23 13:06:43', '2017-08-26', '2017-08-23 16:13:08', '', 'Returned'),
(16, '2017-05102', 404, '2017-08-31 11:31:40', '2017-09-04', '2017-09-01 15:38:46', '', 'Returned'),
(17, '2017-05131', 406, '2017-08-31 11:31:59', '2017-09-04', '2017-09-01 15:38:22', '', 'Returned'),
(18, '2015-02050', 977, '2017-10-15 23:45:18', '2017-10-18', '2017-10-15 23:45:54', '', 'Returned'),
(19, '2015-02050', 995, '2017-10-15 23:45:18', '2017-10-18', '2017-10-15 23:45:54', '', 'Returned'),
(20, '2016-05001', 977, '2017-10-15 23:52:58', '2017-10-18', '2017-10-15 23:56:15', '', 'Returned'),
(21, '2016-05001', 994, '2017-10-15 23:52:58', '2017-10-18', '2017-10-15 23:56:15', '', 'Returned'),
(22, '2016-03031', 6, '2017-11-07 11:23:01', '2017-11-10', '0000-00-00 00:00:00', '', 'Borrowed'),
(23, '2016-03031', 24, '2017-11-07 11:23:01', '2017-11-10', '2017-11-07 11:23:45', '', 'Returned');

-- --------------------------------------------------------

--
-- Table structure for table `userlog_tbl`
--

CREATE TABLE `userlog_tbl` (
  `log_id` int(5) NOT NULL,
  `ip_address` varchar(20) NOT NULL,
  `date_login` date NOT NULL,
  `login_time` time NOT NULL,
  `logout_time` time NOT NULL,
  `account_number` varchar(20) NOT NULL
) ENGINE=InnoDB DEFAULT CHARSET=latin1;

--
-- Dumping data for table `userlog_tbl`
--

INSERT INTO `userlog_tbl` (`log_id`, `ip_address`, `date_login`, `login_time`, `logout_time`, `account_number`) VALUES
(1, '::1', '2017-09-20', '12:13:27', '01:39:41', 'MCC-ADMIN'),
(2, '::1', '2017-08-03', '10:52:47', '11:41:33', 'MCC-ADMIN'),
(3, '::1', '2017-08-10', '11:41:42', '23:01:45', 'MCC-ADMIN'),
(4, '::1', '2017-10-06', '23:07:25', '13:56:18', 'MCC-ADMIN'),
(5, '::1', '2017-10-13', '13:56:34', '03:42:01', 'MCC-ADMIN'),
(6, '::1', '2017-10-15', '03:42:39', '03:50:34', 'MCC-ADMIN'),
(7, '::1', '2017-10-15', '22:41:27', '00:09:25', 'MCC-ADMIN'),
(8, '::1', '2017-10-16', '00:09:33', '00:39:51', 'MCC-ADMIN'),
(9, '::1', '2017-10-16', '00:10:11', '00:19:20', '2015-02050'),
(10, '::1', '2017-10-23', '20:38:56', '10:32:52', 'MCC-ADMIN'),
(11, '::1', '2017-10-24', '10:33:08', '22:20:38', 'MCC-ADMIN'),
(12, '::1', '2017-11-06', '22:09:06', '11:17:13', 'MCC-ADMIN'),
(13, '::1', '2017-11-07', '11:17:33', '02:45:24', 'MCC-ADMIN'),
(14, '::1', '2017-11-14', '02:45:34', '20:04:32', 'MCC-ADMIN'),
(15, '192.168.254.108', '2017-11-14', '04:30:31', '20:04:32', 'MCC-ADMIN'),
(16, '::1', '2017-11-15', '20:04:45', '00:00:00', 'MCC-ADMIN');

--
-- Indexes for dumped tables
--

--
-- Indexes for table `account_tbl`
--
ALTER TABLE `account_tbl`
  ADD PRIMARY KEY (`account_number`);

--
-- Indexes for table `acquisition_tbl`
--
ALTER TABLE `acquisition_tbl`
  ADD PRIMARY KEY (`accession_number`),
  ADD KEY `book_id` (`book_id`);

--
-- Indexes for table `archive_tbl`
--
ALTER TABLE `archive_tbl`
  ADD KEY `account_number` (`account_number`),
  ADD KEY `accession_number` (`accession_number`);

--
-- Indexes for table `author_tbl`
--
ALTER TABLE `author_tbl`
  ADD PRIMARY KEY (`author_id`);

--
-- Indexes for table `book_author_tbl`
--
ALTER TABLE `book_author_tbl`
  ADD KEY `author_id` (`author_id`),
  ADD KEY `accession_number` (`book_id`);

--
-- Indexes for table `book_tbl`
--
ALTER TABLE `book_tbl`
  ADD PRIMARY KEY (`book_id`),
  ADD KEY `category_id` (`category_id`),
  ADD KEY `publisher_id` (`publisher_id`);

--
-- Indexes for table `category_tbl`
--
ALTER TABLE `category_tbl`
  ADD PRIMARY KEY (`category_id`);

--
-- Indexes for table `course_tbl`
--
ALTER TABLE `course_tbl`
  ADD PRIMARY KEY (`course_id`);

--
-- Indexes for table `department_tbl`
--
ALTER TABLE `department_tbl`
  ADD PRIMARY KEY (`department_id`);

--
-- Indexes for table `employee_tbl`
--
ALTER TABLE `employee_tbl`
  ADD PRIMARY KEY (`employee_id`),
  ADD KEY `account_number` (`account_number`),
  ADD KEY `department_id` (`department_id`);

--
-- Indexes for table `guest_tbl`
--
ALTER TABLE `guest_tbl`
  ADD PRIMARY KEY (`guest_id`);

--
-- Indexes for table `guest_transaction_tbl`
--
ALTER TABLE `guest_transaction_tbl`
  ADD KEY `accession_number` (`accession_number`);

--
-- Indexes for table `holiday_tbl`
--
ALTER TABLE `holiday_tbl`
  ADD PRIMARY KEY (`holiday_id`);

--
-- Indexes for table `penalty_tbl`
--
ALTER TABLE `penalty_tbl`
  ADD PRIMARY KEY (`penalty_id`),
  ADD KEY `transaction_id` (`transaction_id`);

--
-- Indexes for table `publisher_tbl`
--
ALTER TABLE `publisher_tbl`
  ADD PRIMARY KEY (`publisher_id`);

--
-- Indexes for table `reservation_tbl`
--
ALTER TABLE `reservation_tbl`
  ADD PRIMARY KEY (`reservation_id`);

--
-- Indexes for table `settings_tbl`
--
ALTER TABLE `settings_tbl`
  ADD PRIMARY KEY (`settings_id`);

--
-- Indexes for table `student_tbl`
--
ALTER TABLE `student_tbl`
  ADD PRIMARY KEY (`student_id`),
  ADD KEY `account_number` (`account_number`),
  ADD KEY `course_id` (`course_id`);

--
-- Indexes for table `transaction_tbl`
--
ALTER TABLE `transaction_tbl`
  ADD PRIMARY KEY (`transaction_id`),
  ADD KEY `account_number` (`account_number`),
  ADD KEY `accession_number` (`accession_number`);

--
-- Indexes for table `userlog_tbl`
--
ALTER TABLE `userlog_tbl`
  ADD PRIMARY KEY (`log_id`),
  ADD KEY `account_number` (`account_number`);

--
-- AUTO_INCREMENT for dumped tables
--

--
-- AUTO_INCREMENT for table `author_tbl`
--
ALTER TABLE `author_tbl`
  MODIFY `author_id` int(5) NOT NULL AUTO_INCREMENT, AUTO_INCREMENT=245;
--
-- AUTO_INCREMENT for table `category_tbl`
--
ALTER TABLE `category_tbl`
  MODIFY `category_id` int(5) NOT NULL AUTO_INCREMENT, AUTO_INCREMENT=9;
--
-- AUTO_INCREMENT for table `course_tbl`
--
ALTER TABLE `course_tbl`
  MODIFY `course_id` int(3) NOT NULL AUTO_INCREMENT, AUTO_INCREMENT=10;
--
-- AUTO_INCREMENT for table `department_tbl`
--
ALTER TABLE `department_tbl`
  MODIFY `department_id` int(3) NOT NULL AUTO_INCREMENT, AUTO_INCREMENT=7;
--
-- AUTO_INCREMENT for table `guest_tbl`
--
ALTER TABLE `guest_tbl`
  MODIFY `guest_id` int(6) NOT NULL AUTO_INCREMENT, AUTO_INCREMENT=3;
--
-- AUTO_INCREMENT for table `holiday_tbl`
--
ALTER TABLE `holiday_tbl`
  MODIFY `holiday_id` int(3) NOT NULL AUTO_INCREMENT, AUTO_INCREMENT=7;
--
-- AUTO_INCREMENT for table `penalty_tbl`
--
ALTER TABLE `penalty_tbl`
  MODIFY `penalty_id` int(5) NOT NULL AUTO_INCREMENT, AUTO_INCREMENT=4;
--
-- AUTO_INCREMENT for table `publisher_tbl`
--
ALTER TABLE `publisher_tbl`
  MODIFY `publisher_id` int(11) NOT NULL AUTO_INCREMENT, AUTO_INCREMENT=74;
--
-- AUTO_INCREMENT for table `reservation_tbl`
--
ALTER TABLE `reservation_tbl`
  MODIFY `reservation_id` int(7) NOT NULL AUTO_INCREMENT, AUTO_INCREMENT=4;
--
-- AUTO_INCREMENT for table `settings_tbl`
--
ALTER TABLE `settings_tbl`
  MODIFY `settings_id` int(2) NOT NULL AUTO_INCREMENT, AUTO_INCREMENT=2;
--
-- AUTO_INCREMENT for table `transaction_tbl`
--
ALTER TABLE `transaction_tbl`
  MODIFY `transaction_id` int(7) NOT NULL AUTO_INCREMENT, AUTO_INCREMENT=24;
--
-- AUTO_INCREMENT for table `userlog_tbl`
--
ALTER TABLE `userlog_tbl`
  MODIFY `log_id` int(5) NOT NULL AUTO_INCREMENT, AUTO_INCREMENT=17;
/*!40101 SET CHARACTER_SET_CLIENT=@OLD_CHARACTER_SET_CLIENT */;
/*!40101 SET CHARACTER_SET_RESULTS=@OLD_CHARACTER_SET_RESULTS */;
/*!40101 SET COLLATION_CONNECTION=@OLD_COLLATION_CONNECTION */;
